name	Suma â€“ X181003-190524_Brain_S35	32150156_EXO_S1	32150274_EXO_S3	32150309_EXO_S4	32150313_EXO_S5	32150318_EXO_S6	32150697_EXO_S7	32150792_EXO_S8	32150829_EXO_S9	32150835_EXO_S10	32150882_EXO_S11	32151018_EXO_S12	32151021_EXO_S13	32151029_EXO_S14	32151178_EXO_S15	32151181_EXO_S16	32151480_EXO_S17	32151489_EXO_S18	32151625_EXO_S19	32151754_EXO_S20	32151970_EXO_S21	32151988_EXO_S22	32152030_EXO_S23	32152087_EXO_S24	32152200_EXO_S25	32152260_EXO_S26	32152348_EXO_S27	32152351_EXO_S28	32152408_EXO_S29	32160009_EXO_S30	32160019_EXO_S31	32160078_EXO_S32	32160080_EXO_S33	32160185_EXO_S34
hsa-let-7a-2-3p	39																				1													
hsa-let-7a-3p	4904	7	549	189	9	101	1681	838	59	87	266	42	364	746	473	275	837	32	387	597	110	608	43	3	175	335	395	176		41	219	4	290	17
hsa-let-7a-5p	3887390	29763	166924	119514	15096	76667	281642	313361	41814	38864	45923	29950	106715	391052	258113	96255	214632	81434	226922	135362	30793	230283	7445	10984	69022	105110	124471	50211	454	10823	61940	3068	100952	17928
hsa-let-7b-3p	5324	27	206	86	15	134	593	706	72	129	50	30	209	585	394	206	796	73	232	296		362		25	94	350	181	48			207	1	162	
hsa-let-7b-5p	821259	26730	115304	93325	13448	62973	194552	253630	31137	27661	38496	21753	70275	257998	167921	53284	178824	66377	179841	112289	18413	141249	4354	6616	60339	90255	109251	53260	480	15477	55672	2455	69535	18931
hsa-let-7c-3p	361						99	28		6				10	7			26		1		2								67	28		13	
hsa-let-7c-5p	607947	5060	32390	20916	2726	15398	51133	55941	8156	6702	7050	4668	17345	64563	49173	11351	43259	12396	40157	22222	3380	27220	731	1269	10870	20366	25167	9404	306	4239	13396	710	18597	3740
hsa-let-7d-3p	33072	551	1087	1908	216	1773	3621	7593	978	884	1284	372	1538	6625	4077	2176	5667	2139	3693	2959	460	6936	205	207	1520	1694	2401	910	9	979	1607	84	1686	152
hsa-let-7d-5p	139952	939	1540	3666	391	2638	8424	8722	1500	1230	1589	849	2990	10838	7767	4110	6446	2689	8277	4285	645	9382	270	462	2883	3642	3410	1678	21	401	2281	266	2976	526
hsa-let-7e-3p	709	15	29			8	139	23					4	142	80	7	22	85	88	66	47	54	4			99	30				31		11	
hsa-let-7e-5p	290469	4463	16565	13496	973	9059	25251	35121	5776	4082	4816	2259	11599	39355	32239	10023	26251	7605	24884	14645	2635	23325	447	698	8960	14766	11377	4515	44	1760	8487	399	11641	3106
hsa-let-7f-1-3p	365					15	38	38					25	51			48					32					51						12	
hsa-let-7f-2-3p	48			17		12	37	8							7	6						8			29									
hsa-let-7f-5p	1913609	14838	94474	62908	6678	35888	145687	164262	23586	19827	28735	12586	51769	179229	138779	61216	113482	35399	102596	52039	14783	145590	3751	5317	44458	44494	50224	16797	292	5320	31000	1392	54179	10173
hsa-let-7g-3p	16																																	
hsa-let-7g-5p	667414	3711	15933	12803	1358	8584	34329	33019	6845	4690	7184	3160	12768	44539	38562	16288	29612	9547	21194	11506	3557	39384	1070	1361	9744	12774	11925	4099	49	1153	6976	446	10593	3407
hsa-let-7i-3p	616	3						31					9		77	21	33			42		35			12		15			33				35
hsa-let-7i-5p	185831	1033	3023	2428	310	1845	6241	7851	1545	1001	2387	790	3188	10342	9168	3186	6969	2298	3901	1566	620	7924	259	461	1603	2988	2571	1353	2	395	1438	124	1852	1222
hsa-miR-1-3p	37220	24	148		16	102	71	73	68	32	66	125	218	64	39	697	1	2		2	44	69	124	87		63	19	75	23	43		51	67	50
hsa-miR-100-3p								9																										
hsa-miR-100-5p	260393	1039	2574	4970	411	1691	6304	5783	1088	1424	2834	754	4002	7409	4245	2529	6874	2811	4146	4806	1407	2943	272	398	1840	1948	3588	1153	36	450	831	125	2395	1029
hsa-miR-101-3p	76811	664	1560	1622	196	1463	5491	5450	1637	1067	931	475	2566	8207	6094	2792	4453	2154	4162	2074	537	5646	217	306	1269	989	1510	506	1	219	593	25	1876	915
hsa-miR-101-5p	42														14												13							
hsa-miR-10392-5p					14					11											1											20		
hsa-miR-10394-3p																								1										
hsa-miR-10395-3p	182					14				16							16																	
hsa-miR-10396a-5p																												26						
hsa-miR-10396b-3p	27																																	
hsa-miR-10396b-5p																												26						
hsa-miR-10397-3p									1																					1				
hsa-miR-10398-5p	17																																	
hsa-miR-10399-3p	46	6	43				14	44			16			79	43	13	28			34				31			19						17	
hsa-miR-10399-5p	29				22		8							23	24				26	36				5				65						
hsa-miR-103a-2-5p	72																																	
hsa-miR-103a-3p	227205	551	629	1539	310	1265	5251	5190	909	812	1335	949	2137	5577	5721	2858	4203	2358	6434	2139	371	7695	298	148	1976	2104	2236	932	3	177	936	49	1718	711
hsa-miR-10401-3p	18						14	35				32	11	18	21				46			16			19								10	
hsa-miR-10401-5p										14					2										61		24							
hsa-miR-105-5p	528		1																															
hsa-miR-10526-3p	8																																	
hsa-miR-10527-5p	222			19		13		4	8	6			58	18	33	6			65			26			97									
hsa-miR-106a-3p	33						31								12																		10	
hsa-miR-106a-5p	406	1	1			23	183	37		21	41		47		34	22	60		87	99		20					27	95			1			
hsa-miR-106b-3p	2876	36		249	57	73	360	435	27	130	137	69	129	500	408	126	295	132	521	118		468	41	22	1	105	194			45	68	1	146	68
hsa-miR-106b-5p	3323	135	41		42	64	314	126	115	36	96	49	84	203	343	194	440	24	367	243		431	4		67	138	71	60		39		20	105	34
hsa-miR-107	9985	43	1	107	15	71	333	323	30	94	45	61	130	177	190	79	116	243	279	65	11	214	25	39	43	149	74	34		57	83		54	4
hsa-miR-10a-3p	16	118	270	162	57	296	1051	832	191	188	84	85	326	1384	1563	263	924	264	764	421	41	981	16	10	142	520	327	171	17	125	217	27	601	156
hsa-miR-10a-5p	752	36783	170186	76441	10721	73022	262571	340046	53272	39923	53614	25028	118006	463501	342410	63454	247321	85890	335754	152208	17813	206168	3544	3478	74708	127246	147784	28338	915	16485	67376	3642	149839	47619
hsa-miR-10b-3p	1	51	319	133		218	425	706	185	76	61	34	281	762	859	181	479	162	342	277	29	604			103	145	295	57			174		180	195
hsa-miR-10b-5p	1186	40372	169238	115652	9978	107351	334346	469674	61082	51835	72100	25309	165127	502335	350470	84442	273109	104720	393142	250390	22618	205838	3528	5756	75317	127023	162985	30879	888	14628	66139	3391	168731	40297
hsa-miR-1178-3p	10																																	
hsa-miR-1179	394														40																			
hsa-miR-1180-3p	9162	30		73		111	548	444	99	50	117	98	250	617	438	69	394	97	339	213		290	13	53	70	161	293	17	1	21	83	5	151	71
hsa-miR-1180-5p	70				1								7		9																			
hsa-miR-1185-1-3p	45																																	
hsa-miR-1185-5p	81																																	
hsa-miR-1197	22																																	
hsa-miR-1199-3p																		21																
hsa-miR-1199-5p																																11		
hsa-miR-1205																								20										
hsa-miR-12121																									1				4					
hsa-miR-12125	21								36													3												
hsa-miR-12135	25																																	
hsa-miR-12136	757															34						12					41							
hsa-miR-122-3p																																1		
hsa-miR-122-5p	266	18						29							52					38	33		53	34		97				1		1938	648	847
hsa-miR-1224-3p	91																																	
hsa-miR-1224-5p	938																																	
hsa-miR-1225-5p	24																																	
hsa-miR-1226-3p	260							24						17	3				1			5				24							19	
hsa-miR-1226-5p															14	11																		
hsa-miR-1228-3p	68					19																												
hsa-miR-1229-3p	414					12								14	10												18							
hsa-miR-122b-5p																																1		
hsa-miR-1231	68																																	
hsa-miR-1234-3p																										7	26							
hsa-miR-1236-5p																			25															
hsa-miR-1237-3p																	31																	
hsa-miR-124-3p	287508	1	2	13				40		1				15		7	1					14		6	2	1		4	1	4	1	8		9
hsa-miR-124-5p	904																																	
hsa-miR-1243	44																																	
hsa-miR-1246	4	16				5		22			25	53		60	9	15	56	2					1	62	54		14				1			
hsa-miR-1247-3p																	28																	
hsa-miR-1247-5p	420									12													13											
hsa-miR-1249-3p	3913	8	59	14		20	19	23	34					57	28	16	27	19	52			17			35		81						11	
hsa-miR-1250-5p	860															16				1														
hsa-miR-1251-3p	16																											11						
hsa-miR-1251-5p							19																											
hsa-miR-1252-3p	15																																	
hsa-miR-1252-5p	41																																	
hsa-miR-1255a	6																					6												
hsa-miR-1256	24																																	
hsa-miR-1258	230																																	
hsa-miR-125a-3p	636	27	184	69		81	89	248	34	16	66		10	326	181	27	232	239	103	164	45	244				32	281		21		11		83	67
hsa-miR-125a-5p	539032	7994	22422	23830	2032	20119	47174	81231	13312	8695	12254	3607	21097	105922	73301	16461	64298	26304	61926	32097	5990	56983	841	1348	22130	39572	34196	10470	141	3869	21625	1021	24890	4016
hsa-miR-125b-1-3p	3235			35		23			24						29	3			75			15		7			12							14
hsa-miR-125b-2-3p	22156	100	535	91	20	261	684	759	165	133	38	23	357	914	784	145	531	236	772	401	104	367	27		234	307	338	313		136	170	9	197	221
hsa-miR-125b-5p	571579	1022	3901	3217	494	3303	9561	11201	2384	1488	1696	883	3635	15018	9538	3801	10708	4066	9784	4607	765	7560	119	485	2821	3806	6160	2394	94	969	2780	181	3717	1066
hsa-miR-126-3p	80827	22	1	1		122	45	83		43		119	84	181	135	13	103		38			51	11	2	15	1	63	27		2			71	50
hsa-miR-126-5p	10834			15		36		20		20		10	12		26		40				15											2		
hsa-miR-1260a	2588	204	597	707	99	195	1114	1543	163	71	296	76	482	1639	557	500	687	332	1817	653	120	1319	32	109	686	415	388	251	2	35	280	9	290	253
hsa-miR-1260b	2112	174	496	685	110	229	1056	1285	169	68	260	95	380	1380	497	508	523	486	1830	522	83	1250	73	71	496	441	454	208	1	35	256	9	244	190
hsa-miR-1261																											1							
hsa-miR-1262								2	29				16	21					31															
hsa-miR-1263								38																										
hsa-miR-1264	14																																	
hsa-miR-1266-5p	6							13							7					74														
hsa-miR-1267	43																																	
hsa-miR-1268b							15																											
hsa-miR-1269a	27						50						59		15	33		89		45			8		23									
hsa-miR-1269b	44			34							25						26																	
hsa-miR-127-3p	25100		1	145						24	45					1						1	17									2		
hsa-miR-127-5p	2633																																	
hsa-miR-1270	278			65		8	5	70		8				89	21	16		68				26						43		57	1		11	
hsa-miR-1271-5p	907		6				37	39		13			18	85	68					110		19				42								
hsa-miR-1273c												30																						
hsa-miR-1273h-3p	33																																	
hsa-miR-1275	117						19	13						17	8		59																	
hsa-miR-1276	35							17																					1					
hsa-miR-1277-3p																						5												
hsa-miR-1278	53																																	
hsa-miR-128-1-5p	1527			30			11								14																			
hsa-miR-128-2-5p	238																		53															
hsa-miR-128-3p	1573919	250	561	890	37	400	2297	2120	311	209	526	244	625	2872	1480	870	1503	759	1892	1324	163	1956	74	113	308	858	983	232	1	238	458	65	361	115
hsa-miR-1283	9															4																		
hsa-miR-1284	46	10					1															27												
hsa-miR-1286															9																			
hsa-miR-1287-5p	48													12		19			34			11												
hsa-miR-1288-3p	1																																	
hsa-miR-129-1-3p	3346					25	50								11							44												24
hsa-miR-129-2-3p	2554					25																												1
hsa-miR-129-5p	97237	10	12	15		62	66	46		29	1		39	60	146	27	57	51	36	95		49		4		42	106			1		2	69	15
hsa-miR-1290		10																																
hsa-miR-1291	30																62																	
hsa-miR-1292-3p																						12												
hsa-miR-1292-5p	143						11				39			43	12	13			24								23							
hsa-miR-1293																											1							
hsa-miR-1294	47																									63								
hsa-miR-1295a	47							12		10								44											1					
hsa-miR-1296-5p	619		57				1	10	2		50		23	39	37							26											10	
hsa-miR-1298-3p	616																																	
hsa-miR-1298-5p	256																																	
hsa-miR-1301-3p	14054	53		55	19	45	168	277	13	31	44	40	23	228	300	23	75	171	57	1	51	329	20		162	49	171					39	92	27
hsa-miR-1301-5p											1																							
hsa-miR-1304-3p	97		64			21	32	46				21		53					53		74	29		13	27									
hsa-miR-1304-5p	21	13																																
hsa-miR-1306-3p	497	6				13		26														15											12	
hsa-miR-1306-5p	799	11		58			28	71			106		7	77		9	46	23	35			75		5	50	39	13							
hsa-miR-1307-3p	1174	30		103	32	58	331	218	55	37	23	85	149	282	197	104	221	81	583	204	28	231	20	17	258	195	190	1			41	10	101	118
hsa-miR-1307-5p	392	20		13			12	12	27		16		17	89	34	22			18			6	8		33		34	47					53	42
hsa-miR-130a-3p	599	10				11	75	103	22	6			17	40	26	22	101	64	53					14	1	86	68			34			32	1
hsa-miR-130a-5p	24						18								25					53				8										
hsa-miR-130b-3p	595	9	84	7			26	45			1			25	3				32			13		13	51							1		1
hsa-miR-130b-5p	2848			55	22	36	178	329	31	31	109	67	134	258	158	110	255	238	376		55	291	28		170	110	211			95	71		68	
hsa-miR-132-3p	64666	18	162	14		51	137	152	30	7	30	52	48	176	126	95	40	51	130	72		281	20			67	115	29	1		62	3	7	72
hsa-miR-132-5p	14204		31				11						33	1	17	1						29												
hsa-miR-1323	58													6		10			32													9		
hsa-miR-133a-3p	492																			13				26				42		41				
hsa-miR-134-3p	14																																	
hsa-miR-134-5p	4806							19			34																							1
hsa-miR-1343-3p	329																					9					10							
hsa-miR-135a-2-3p	430		48	30		154	186	88		63	70		50	88		11	229	55	205	29		74					37				61		33	
hsa-miR-135a-3p	27																																	
hsa-miR-135a-5p	7809	37	49	209		34	485	207	70	76	67		314	387	49	204	252	186	76	390	195	38	16		2	198	14	213			29		49	
hsa-miR-135b-3p	1																																	
hsa-miR-135b-5p	318	128	370	128	67	113	394	732	405	164	127	158	369	1286	1052	478	884	355	515	237	61	1112	43		354	358	370	233			426		289	117
hsa-miR-136-3p	7182		1					16									7																	
hsa-miR-136-5p	1038																																	
hsa-miR-137-3p	4323																					1												
hsa-miR-137-5p	260																																	
hsa-miR-138-1-3p	455					34	5						11						25					1							16			
hsa-miR-138-2-3p	840			25			27						8		5																			
hsa-miR-138-5p	4371	7	105		17	12								56					28						1									
hsa-miR-139-3p	8754									1												1												20
hsa-miR-139-5p	87503		1			10	16			10				22	22	1			1	1		94		25						4				
hsa-miR-140-3p	30984	83	749	535	48	442	3070	1388	114	115	560	260	660	2398	1346	676	1080	452	1820	822	39	1286	152	46	88	1007	771	141	10	1	227	3	589	368
hsa-miR-140-5p	3036		66	57		22	81	177	37	23		18	36	264	57	89	41	40	53			111		22			66	91					32	
hsa-miR-141-3p		243	1085	452	255	477	2126	3393	561	327	263	533	760	3452	3230	1641	1939	932	2175	1384	195	3334	110	100	691	1144	805	527		104	346	42	791	461
hsa-miR-141-5p							11	14					8	12					24			10				29								
hsa-miR-142-3p	383									45	74						56	51				110	71	40		31								
hsa-miR-142-5p	985	143			22	5		66	1	41							213	224				113	165	50		59				22			11	1
hsa-miR-143-3p	617067	345	7	28	159	47	96	2231	76	238	2	8	156	71	2	251	930	1351	1	4	1	674	644	292	1	139	55	67	2	106		37	88	7
hsa-miR-143-5p	215										17																							
hsa-miR-144-3p	220																							10										
hsa-miR-144-5p	1230																		1													1		
hsa-miR-145-3p	5421	15						38								1														1				
hsa-miR-145-5p	9497	4						21								1			1			1										1		1
hsa-miR-1468-5p	594	19	72	69	5	9	53	174	9	15			79	98	84	17	102	27	100	24		100		13		19	111				3		36	
hsa-miR-1469						1		1		1													1				1							
hsa-miR-146a-3p	21																					10												
hsa-miR-146a-5p	6927	51	193	92	154	101	152	1122	32	100	113	77	92	136	164	343	386	356	127	243	1	18753	952	27	2	397	91	230			2	5	32	40
hsa-miR-146b-3p	807						10		14		50		25			39						18					13							48
hsa-miR-146b-5p	63290	112	372	715	49	329	1270	1473	133	239	183	116	547	1269	927	443	1044	557	729	209	285	1131	90	127	289	592	681	186		1	167	48	246	29
hsa-miR-147b-3p																						18												
hsa-miR-147b-5p	22											32																						
hsa-miR-148a-3p	4474	1207	3750	1862	521	1348	6864	8887	1168	936	1663	1320	2758	9050	6902	3473	5368	2736	9298	5573	327	4238	276	301	1851	2249	3479	1943	13	1254	1109	110	1924	756
hsa-miR-148a-5p	18	35				27	35	10			26		7	53	94	24		5	87	60		49		33		17	12	40						35
hsa-miR-148b-3p	17178	28	296	131	10	127	924	625	130	111	145	67	264	821	612	309	547	225	607	472	102	925	47	7	202	153	386	127		48	24	11	134	53
hsa-miR-148b-5p	101							31						56	37				40		19						56							
hsa-miR-149-3p	119															43			17			13												
hsa-miR-149-5p	24439	88	358	71	44	30	180	543	47	50	138	153	69	333	152	376	312	224	785	167	24	679	20		478	333	159	81		22	142	52	10	38
hsa-miR-150-3p	21																																	
hsa-miR-150-5p	3479			1						13												9	1		39	2							10	
hsa-miR-151a-3p	74002	901	4200	3680	526	2165	8894	12741	1742	1189	1743	1871	3386	13676	8981	2553	6150	2486	11658	5742	730	8911	206	220	2520	2673	4353	1363	41	554	1223	125	3281	2162
hsa-miR-151a-5p	139693	933	3306	2019	332	1810	9515	7179	1477	945	1325	923	2207	8552	8108	3249	6277	2020	7196	4161	553	8652	342	116	1877	3992	3065	1376	6	235	1845	136	2549	779
hsa-miR-151b	7435	24	419	109	58	74	684	618	85	18	61	34	74	394	501	204	258	151	371	13		444	28	1	108	241	265	155	1	2	36	14	133	64
hsa-miR-152-3p	4944	19	181	160	14	223	1339	1194	105	66	219	45	349	1090	435	163	426	347	794	266	70	530	15	30	419	432	195			66	60	31	259	47
hsa-miR-153-3p	2210			22		15		10								22					1		8			35	1							
hsa-miR-153-5p	244																																	
hsa-miR-1538											27					1														53	1			
hsa-miR-154-3p	926																																	1
hsa-miR-154-5p	87																																	
hsa-miR-155-5p	2633	36		27		13	140	134		23	15		6	35	61	61		98	108	17		92	32	11			38	110			46		13	
hsa-miR-15a-5p	4224	43				40	120	118		13		27	25	135	82	53	73		138	108	77	8		44			30			30			18	1
hsa-miR-15b-3p	144	31	22	31			5	35				39	34	45	34				86			43			33		21	63		52	42		38	
hsa-miR-15b-5p	4751	37	239	44		71	831	526	82	74	43	96	108	675	372	115	544	204	794	277		486	40	31	128	132	384	78		131	214		120	111
hsa-miR-16-2-3p	955	37	96	49	34	113	362	521	82	33		20	88	576	390	96	295	194	170	131		213	7	19	193	262	211	97		158	144	14	121	34
hsa-miR-16-5p	52589	166	987	368	141	387	2725	3171	513	306	208	344	489	2214	2107	542	1739	1109	1560	634	172	1758	330	149	265	884	679	211		155	510	58	727	171
hsa-miR-17-3p	102																					37			67									
hsa-miR-17-5p	1628	9	43	91		50	358	99	29	28	81		190	257	235	75	212	59	313	276	29	188	20	4	99	22	172	84					36	38
hsa-miR-181a-2-3p	6328	221	341	211		183	983	1121	99	24	53	100	182	1358	1027	255	743	512	806	447	95	516	11	51	100	321	459	106		5	400		463	130
hsa-miR-181a-3p	2082																					12	6					17			36		25	
hsa-miR-181a-5p	441392	339	1099	916	58	798	2452	2776	549	454	868	321	902	2828	2143	896	1854	1095	2171	1348	367	2149	309	177	788	1165	979	320	1	139	329	48	782	575
hsa-miR-181b-2-3p	25						24												22			19												
hsa-miR-181b-3p	252															9																		
hsa-miR-181b-5p	141794	190	529	249	13	231	838	851	134	65	241	33	394	1361	713	272	879	282	744	416	58	675	32	34	235	420	214	196	1	101	315	29	298	97
hsa-miR-181c-3p	851													1	19	12	54					15					1							
hsa-miR-181c-5p	3207						45	41		16			33	20	13	11	106			43				13								1	14	
hsa-miR-181d-3p	8																																	
hsa-miR-181d-5p	3685	14		16	26	18	46	91	18	10			41	38	10	43	144	2	2	2		16			1		66	3		22	2		13	
hsa-miR-182-5p	1710	1305	11022	2245	692	1826	9998	5884	1720	991	2012	1630	5002	18544	15134	2304	10009	2190	12180	5433	590	11166	397	193	2861	4222	5489	1404	94	168	2787	114	3846	1918
hsa-miR-1827	6					1		1	1									1		1		1					1						1	
hsa-miR-183-3p															13				36			16	4								11			
hsa-miR-183-5p	749	631	4578	809	343	890	4624	4092	633	436	1223	1007	2295	8473	7335	1266	4678	1116	5742	2803	305	5542	142	105	831	1757	2451	679		151	1682	93	2145	1145
hsa-miR-184	1263	151	815	996	122	1552	271	651	263	932	191	1219	14	157	243	1789	805	1172	71	407	146	662	145	906	177	125	585	25	190	1268	981	136	212	103
hsa-miR-1843	1158	23		19	7		63	71					1	53	33	11		54	87			72	14				5				24			
hsa-miR-185-3p	291						2	19								3			31			15												
hsa-miR-185-5p	10662	47	104		23	71	258	221	51	37	123	33	191	556	181	105	314	90	294		53	492	28	27	49	124	112		1		42	5	138	110
hsa-miR-186-5p	16722	191	1036	552	207	465	2188	1418	453	370	455	245	833	2112	2135	811	1642	915	2457	1013	127	2495	119	64	442	788	633	254	2	89	520	34	344	269
hsa-miR-187-3p	52					2	37	18		2			78	125	35	58	19	28	12	62		8					22				36		74	1
hsa-miR-187-5p				36		14	8	26			22			4	31			46				27					6				32			
hsa-miR-188-5p	8							40					15	19	29	6			66								26						4	
hsa-miR-18a-3p	140					21	11	24					16	62	19										50		34	46					4	
hsa-miR-18a-5p	365			15	34	5		53						31	14	8				134	66	25	9				19							20
hsa-miR-18b-3p	10																											1						
hsa-miR-18b-5p	1				34			1													1						19							
hsa-miR-1908-5p	439					1							10			14											19							
hsa-miR-1909-3p	33																																	
hsa-miR-190a-3p	27																25																	
hsa-miR-190a-5p	961			70	10	8	94	118		13	44	51	17	223	262	30	343	34	119	58		99	33				118			1			50	32
hsa-miR-190b-5p	43							1							22																			
hsa-miR-191-3p	300		71			30	30	23	1					53		5	57		30			38				7	21	1			23		19	
hsa-miR-191-5p	132495	1303	6350	4036	887	3284	11941	13793	2754	1910	2853	1939	4709	16654	12116	7959	12268	6354	15382	6891	1337	20382	1112	683	5957	5771	6380	2656	40	847	2808	212	4256	1448
hsa-miR-1910-5p	17																	52									24							
hsa-miR-1912-3p	53																																	
hsa-miR-1912-5p	61																																	
hsa-miR-1913																															17			
hsa-miR-1914-5p														24								11												
hsa-miR-1915-3p	17	1			19														42												1			
hsa-miR-192-3p							17						13			19	27																	
hsa-miR-192-5p	986	139	485	3204	316	1544	6819	1940	463	1674	1471	235	2577	4089	388	2403	2699	2291	1463	3543	1298	1993	319	203	764	1113	1185	531	1	88	449	129	700	94
hsa-miR-193a-3p												25		20	21	10								14										
hsa-miR-193a-5p	1502	115	53	185	25	145	499	910	230		252	103	147	580	674	205	523	336	781	310		373	14	1	437	557	446	102		303	136	9	198	232
hsa-miR-193b-3p	251	16		88	48		98	32		21	28	58	18	111	54	25	54	20	124	29		31	5	19	103	63	84						37	26
hsa-miR-193b-5p	284		49	88	3	22	48	129		2			16	161	72	20	47		45	29		30		7	55		28	1		1	44	1	21	35
hsa-miR-194-3p	55			108		28	61	3		61			3	24		91		60	52			23	7							46			51	
hsa-miR-194-5p	1023	117	237	2402	105	1067	4179	2153	279	887	893	103	1854	2433	396	2067	2486	1799	1279	2024	994	1338	147	146	474	1018	878	466	1	35	441	115	345	66
hsa-miR-195-3p	278					1	8			4								36	43														21	
hsa-miR-195-5p	10903		1			10	36	86					17	61	22		41		78			30					42	117					32	1
hsa-miR-196a-1-3p							23								26				45			14												
hsa-miR-196a-5p		178	830	945	68	536	1199	2727	112	288	466	74	672	1781	786	814	1723	412	273	1252	359	841	39	64	332	440	508	207		30	204	17	342	65
hsa-miR-196b-3p													19																			5		
hsa-miR-196b-5p	12		117	308	39	164	598	854	68	101	69	25	308	636	387	272	328	300	321	335	157	704	58	61	86	66	302	303			99	8	113	8
hsa-miR-197-3p	11748	50	367	127	26	86	705	788	142	66	86	33	185	456	429	163	462	448	656	303	82	536	24	48	282	252	302	144	1	290	256	8	206	206
hsa-miR-197-5p	61			13				12																										
hsa-miR-1976	16																																	
hsa-miR-199a-3p	5490	12				45	22	12	40					39	3	7	59	77		1		21	24			43	13	71				1		
hsa-miR-199a-5p	378														8				14					16										
hsa-miR-199b-3p	5449	12				45	22	12	40					39	3	7	59	77		1		21	24			43		71				1		
hsa-miR-199b-5p	169																					19	14											
hsa-miR-19a-3p	94	5		13	17		22	71			37		19	114	79	14		19	1	30	25	20						1					35	
hsa-miR-19b-1-5p	20																																	
hsa-miR-19b-3p	1045	18	108	21	28		728	199	14	10	27		63	344	164	51	177	23	279	253		204	7	22		3	63	53			11		66	61
hsa-miR-200a-3p	148	1026	4113	2291	730	2342	12761	12374	1750	1498	1826	1840	3650	15206	11893	5467	9164	4246	11095	5606	678	14213	526	311	2745	3361	3434	1684	65	398	1839	200	3226	992
hsa-miR-200a-5p		35	263	200	39	141	628	837	107	51	168	25	294	784	746	221	534	221	884	238	46	769	9	1	287	388	326	51		65	223		355	12
hsa-miR-200b-3p	873	4637	20256	10340	2738	8293	45758	40199	6236	4995	5810	7897	11492	45608	33049	17569	36059	13237	45918	20833	1838	48919	1458	1236	13019	16687	18100	7459	45	1699	8376	598	14041	3272
hsa-miR-200b-5p	40	357	980	532	125	567	1669	3168	355	371	533	319	443	3446	1820	789	1944	811	2752	504	112	2447	39	83	823	817	1340	477		121	523	23	694	37
hsa-miR-200c-3p	367	3735	13399	8688	3235	6119	29197	40843	6518	4345	5761	7680	9236	41881	30583	19168	36098	15310	45971	14257	1098	55063	1416	1061	15487	15790	17820	9515	72	2303	7647	556	11811	4208
hsa-miR-200c-5p							27	30			20				12																			
hsa-miR-202-3p							1																											1
hsa-miR-202-5p	21																																	
hsa-miR-203a-3p	3875	1982	19586	3887	9147	1369	12777	42729	2650	4044	7021	18612	1871	20775	7482	11318	17140	18955	18169	7315	1807	25503	1300	4314	7070	11100	30933	2679	225	4836	4592	1535	7042	1508
hsa-miR-203a-5p				39									9																					
hsa-miR-203b-3p	147			23			22	74	16				10	18	69	28	33		48			36			62	35	20						9	2
hsa-miR-204-3p	233	19	59	199		217	1143	1271	19	43	146		152	950	645	146	793	158	485	97	139	333			284	146	473	73		53	62	27	277	61
hsa-miR-204-5p	21381	3797	10469	13130	723	14277	67168	95078	10697	6880	5655	1726	14760	58959	58067	13103	58041	16499	46194	17818	3392	34370	346	1186	13918	22196	28676	5284	42	1103	14640	752	23478	1566
hsa-miR-205-5p		414	5308	211	1129	175	2658	8878	478	826	1033	3841	97	2541	481	1058	3618	6490	2375	625	163	3601	165	735	1652	1800	5277	291	1	3508	1148	50	1192	424
hsa-miR-206	24		64	24			34	108	15	21		2	11		12	21		3				50		1				60		1	4	1	12	
hsa-miR-20a-3p	14					12	29						23						42	57														
hsa-miR-20a-5p	2430	56	92	66		56	420	132	33	48	58	77	98	381	312	68	176	59	298	53		304	16		30	83	205	17			147		40	34
hsa-miR-20b-3p	18																								1									
hsa-miR-20b-5p	471					30	38						31	53	59	30	1		54	54		22	4				9				28	19		
hsa-miR-21-3p	168	20	88	23		27	38	175	9	12	15	41	28	112	13	33	102	11	177			179	12	9	56		49	42		35			17	52
hsa-miR-21-5p	110700	9665	34200	15819	12039	11939	36733	106925	10312	13827	16052	43982	16170	73130	54875	71048	67927	48505	66680	26780	5023	222541	14125	8602	23026	26160	23807	13813	128	7422	12439	1129	17938	7149
hsa-miR-210-3p	67	15		12	51		115	139			39		10	148	59	18	195	118	47	67		79	4	21			99			24	15		77	26
hsa-miR-210-5p	15					9	12	49	33		43		12		9	13		59	23			40		12										32
hsa-miR-211-5p	42		5	5		50	69	95	19	26	4		3	33	21	24	119	10	37	42		42			8	12	16	2		1	12		30	7
hsa-miR-2110	1073	23	86	45		16	68	273	12			50	52	119	25	33	148	13	284	198	22	227	6			68	22	14			21		49	50
hsa-miR-2113	159						12																											
hsa-miR-2114-5p																												1						
hsa-miR-2115-3p								17																										
hsa-miR-2115-5p	17																																	
hsa-miR-2116-3p	212			20		22		34	12	1			17	70			60	19	18			10					1			34	41			
hsa-miR-2116-5p	31					21	21																											
hsa-miR-212-3p	1321							14							8		38																	
hsa-miR-212-5p	3058															13				1														
hsa-miR-214-3p	473																							12										
hsa-miR-214-5p	23																																	
hsa-miR-215-5p	73	1		2		33	41	6		1	40		10	126		16	4	3	8	4	5	1				51	22	1		1	1		23	37
hsa-miR-216a-5p														20																				
hsa-miR-216b-3p															1																			
hsa-miR-216b-5p	76						107	24		8			17	6																				
hsa-miR-217-5p	82						8																											
hsa-miR-218-1-3p	48																																	
hsa-miR-218-5p	50194	11	254	128	14	59	682	195	26	37	143	47	222	359	211	103	344	87	115	327	78	194			1	34	21	32	1		35	3	106	108
hsa-miR-219a-1-3p	24							22						19		20																		
hsa-miR-219a-2-3p	343288		4			3					2			2	1	12				2		16		3		1		3		3		10	1	7
hsa-miR-219a-5p	492																					1												
hsa-miR-22-3p	29584	504	1491	1825	404	1054	3999	11212	799	749	1635	571	2338	6910	4630	2642	2733	1720	3278	2723	597	5899	412	381	879	1811	1658	761	51	2127	940	270	1530	1490
hsa-miR-22-5p	2084	35	79	38	13	54	433	253	86	68	66		110	173	252	40	188	91	321	2		399	25	16		32	165	58		68	107	2	49	55
hsa-miR-221-3p	62948	1075	4118	1075	388	1106	9848	10087	1322	1043	1461	1679	2926	12707	4166	2142	6619	2769	5441	2705	518	6753	470	370	1849	2432	3744	979	29	2892	1303	121	3708	2179
hsa-miR-221-5p	2579	11		44		21	41	69	8	17	41	35	56	245	50	37	60	14	106			89		30	1	58		56		54	47		113	
hsa-miR-222-3p	77774	1472	8823	1902	503	2204	13688	10824	1746	1506	2770	3042	4036	19838	7177	2814	8896	5085	8415	4424	1115	9970	621	554	2511	4874	5075	1000	80	835	1709	227	5113	2249
hsa-miR-222-5p		12						19						76		11						23												42
hsa-miR-223-3p	4068	421	248	14	313	71	604	361	126	1194	206	77		90	4	46	2440	5629		43	164	3362	4158	1266	204	2120	123	3	2	161	39	82	181	
hsa-miR-223-5p	151	23						19									25	34				50	16											
hsa-miR-224-3p	26							47				31			27	12	54	1	25								30							
hsa-miR-224-5p	318	65	496	182	342	68	494	1744	101	347	209	844	145	801	296	537	1510	1607	938	344		1150	155	184	690	308	1126	196	13	110	278	10	351	83
hsa-miR-2276-3p	29													29						39		16					20							
hsa-miR-2276-5p							12																											
hsa-miR-2277-3p	22																																	
hsa-miR-2277-5p	99	19																																
hsa-miR-2278	16							17												60														
hsa-miR-2355-3p	256																																	
hsa-miR-2355-5p	9																																	
hsa-miR-23a-3p	28718	1578	3347	1470	709	1837	11500	12455	2242	1229	1460	2895	3042	10683	10221	4256	11194	4613	9690	3850	262	10932	938	810	3054	4322	5188	1210	47	2203	2498	227	3446	763
hsa-miR-23a-5p	66	14					34						24	8	3	16	58	56	122	66		41	9				14			58		12	14	
hsa-miR-23b-3p	119885	501	6198	4591	874	3094	13909	12562	1825	2572	3109	1968	5244	15022	7486	5481	9408	6325	8815	7073	2230	10474	473	819	3078	5780	4927	2764	115	928	2426	244	3835	389
hsa-miR-23b-5p	1005	11	99	76		37	63	103		16	67		43	119	31	13		59	96			66	23				37				14	10	27	
hsa-miR-23c	182		2	7		2	22	7	2	1	5		4	34	17	3	11	49	7	7		11		3	3	8	6	1			3	1	2	
hsa-miR-24-1-5p	1109					25	62	13		15			10	66	37	17	2		13		49	45				55							24	49
hsa-miR-24-2-5p	284	31		29		9	105	90	31	24			33	30	75	7	115		72	68	43	126	4		32	50	44				15	19		
hsa-miR-24-3p	83009	390	2113	1442	408	731	4882	9519	1023	1043	1168	1127	2179	6501	5724	2820	4609	2937	3168	2035	817	5919	289	469	1348	2117	1935	926	27	1425	1217	117	1556	957
hsa-miR-25-3p	20190	854	1299	754	258	629	4747	4637	536	544	878	355	1203	5190	2549	1071	2494	1443	4292	2605	112	3024	383	197	592	1098	2384	585	56	655	517	46	1501	477
hsa-miR-25-5p	177				20		53	15					11	6					19			36				15	8							
hsa-miR-2681-3p	126													18																				
hsa-miR-2681-5p	2																																	
hsa-miR-2682-3p	48																																	
hsa-miR-2682-5p	389																																	
hsa-miR-26a-1-3p	33													7		16	61	50					14				13							
hsa-miR-26a-2-3p	452			42			25	126				5	41	35	27	35	142	33	126	66		39					50						36	
hsa-miR-26a-5p	1564916	15321	78343	44400	6265	42333	218710	178665	28510	23745	27365	18149	60680	232347	170664	60320	149166	56566	153076	87924	16794	155678	5134	5186	39011	71426	74667	28147	466	7446	34550	2561	65693	13741
hsa-miR-26b-3p	172	3	39	22	12	12	85	92	9					70	52	67	11	28	10			75		22			40				1		2	
hsa-miR-26b-5p	135171	2322	12640	7837	1009	5723	34475	27134	4684	3896	4293	3010	8644	34374	25136	10679	24844	8740	22598	12827	2812	26771	1368	958	7833	10264	10590	4953	41	1310	5412	306	9431	1598
hsa-miR-27a-3p	16307	657	1287	801	657	711	3554	5829	549	507	420	1141	891	3269	3162	1621	3180	1954	2026	1568	393	3777	572	437	485	1453	1946	509	56	1143	537	116	1344	183
hsa-miR-27a-5p	21					19	31			21		20		27	34	6			52			44											50	
hsa-miR-27b-3p	343662	2192	7882	8753	1569	6027	19512	37112	2639	3792	5059	2427	9719	25047	14737	10660	15167	9621	13391	10760	3136	18818	994	1127	4028	7886	7792	3140	73	2780	3098	347	6884	1733
hsa-miR-27b-5p	1165		121	43		13	87	117			117	20		93	24	31		11		130		50				99	12	40			13		71	
hsa-miR-28-3p	9169	398	1761	1536	240	883	4132	4241	657	574	1458	923	1793	5783	3036	1174	2546	1604	4903	2358	353	4084	151	79	935	1391	2038	422	2	322	497	85	1550	707
hsa-miR-28-5p	7269	232	774	390	29	278	1102	764	160	116	403	12	163	947	1118	598	814	171	720	576	64	1264	62	17	34	183	223	212	1	29	208	1	343	103
hsa-miR-2861												26																						
hsa-miR-296-3p	93		63					41					9		9	7				38							10							
hsa-miR-296-5p	77																		21								9							
hsa-miR-299-3p	233																																	
hsa-miR-299-5p	657																																	
hsa-miR-29a-3p	110601	551	2059	848	113	1293	5730	3949	837	936	670	563	1942	7195	5339	1842	3816	1189	4534	2026	537	4296	244	167	691	1604	1452	547	1	319	839	54	1414	1023
hsa-miR-29a-5p	120																																12	24
hsa-miR-29b-1-5p	435		139	21			74	19	25	1			55	126	19	26		18	103	62		75				14	11						34	
hsa-miR-29b-2-5p	1307					22	21	13		38	19			51		13			25	25													28	
hsa-miR-29b-3p	10853	82	219	176	93	200	618	881	110	113	181	58	438	1102	708	413	551	32	805	432	51	1122	59	67	92	187	332	187		55	61	33	188	14
hsa-miR-29c-3p	6144	77	317	260	127	264	939	932	124	232	394	201	620	1307	698	673	1069	157	1160	492	8	1021	21	136	249	78	200	402		55	117	62	281	166
hsa-miR-29c-5p	1097		80				499	95		21	48	86	84	151	137	100	55	101	102	157		199		11	49	1	87						19	47
hsa-miR-301a-3p	66															17																		
hsa-miR-301a-5p	226						19								14							5												
hsa-miR-301b-3p																6																		
hsa-miR-302a-3p																											1			1				
hsa-miR-302a-5p								15																			1							
hsa-miR-302b-3p																												2	1		2	1		
hsa-miR-302d-3p	17																																	
hsa-miR-3059-3p	65																																	
hsa-miR-3059-5p	521																																	
hsa-miR-3064-3p	32																					19												
hsa-miR-3064-5p	162						3								12	23																	15	
hsa-miR-3065-3p	102			21			30	30		16				86	11	9	32	31	45			64				33					29		17	
hsa-miR-3065-5p	337		1	18	19		46	43				18	8	327	43	20	83	94	85			63					13	32			26			55
hsa-miR-3074-3p																																	3	
hsa-miR-3074-5p													22	15	27									1										
hsa-miR-3085-3p	33																																	
hsa-miR-3085-5p	9																																	
hsa-miR-30a-3p	23560	4505	22297	18167	1199	15254	59689	56737	8021	6959	11629	4454	26307	74161	50712	12043	36770	14055	49642	33670	3722	30231	507	917	7733	18957	25106	4789	101	2162	9231	576	16868	6455
hsa-miR-30a-5p	434771	54780	166702	157766	9647	146414	517301	526284	83956	81842	104880	32869	239591	675986	542744	197610	473583	165733	437167	274958	48418	407413	7470	14574	74842	165980	168978	49976	975	14801	92594	5353	166584	77429
hsa-miR-30b-3p	229		57				87	96	26					179	16	18	37	54	24	88	50										13		54	16
hsa-miR-30b-5p	12081	1351	13498	3043	728	4096	41999	13844	2303	2118	2493	2001	8496	19985	14551	5120	8858	4708	12592	12423	1207	11363	481	195	3222	4623	6227	834	30	469	3188	177	5679	1066
hsa-miR-30c-1-3p	377	14		1		33	2	1	10	20	50		31	73	10	10	93				40	56				123	17		15		18		1	
hsa-miR-30c-2-3p	2093	206	995	995	38	417	1676	1843	297	293	394	97	929	2599	1770	666	1324	538	1363	1008	219	1339	29	73	181	505	776	397			354	17	738	584
hsa-miR-30c-5p	142737	9820	70198	37017	2992	34752	164351	103913	20209	16774	20932	8539	54325	142659	97337	36577	89320	35346	92992	68344	9697	91904	2275	2849	28603	49519	48131	11988	176	3732	29313	1647	38600	4846
hsa-miR-30d-3p	39	4	53	25		22	28	65	2	4	21	2	17	62	97	33	45	3	64	22	1	60	9	1	3	7	37				21	1	34	21
hsa-miR-30d-5p	676531	16713	110865	62415	5832	49372	201157	245853	36085	30997	41157	13320	94475	313232	215417	68753	152886	68676	202332	101195	20441	183982	2977	3601	42263	68834	69996	21257	635	7871	42122	2692	88112	31665
hsa-miR-30e-3p	19798	487	5083	2251	163	1799	8697	8192	825	924	1782	1371	3430	13584	7337	1685	4831	2661	7696	5284	389	4636	134	165	1460	1968	2933	700	32	315	1147	48	2536	998
hsa-miR-30e-5p	56481	1743	9176	5423	953	5846	20084	24637	3372	3828	5230	1847	9470	34137	24025	10815	19275	7539	16346	9778	2124	22799	702	481	4055	6549	6391	1781	6	1445	5288	238	7484	5852
hsa-miR-31-3p	11		42												38				37	42		4												
hsa-miR-31-5p	2659	213	450	297	72	322	944	2062	447	212	245	596	385	1834	1953	669	1638	350	1830	613	177	2710	87	192	1183	933	1073	102		58	360	2	555	390
hsa-miR-3115																14																		
hsa-miR-3117-3p	163							10																										
hsa-miR-3120-3p	76																																	
hsa-miR-3121-3p	9																																	
hsa-miR-3124-5p		18										1													1	29			7					
hsa-miR-3125																			30															
hsa-miR-3127-3p	8												14		12																			
hsa-miR-3127-5p	89						10			24				21	61							78					14							
hsa-miR-3130-3p		12												26																				
hsa-miR-3130-5p	26																					17					22							
hsa-miR-3133						19																6												
hsa-miR-3138																	31		28					16			38							
hsa-miR-3140-5p																						8												
hsa-miR-3141																					1													
hsa-miR-3144-3p							8	35							30				66			12					7						5	
hsa-miR-3144-5p							8	6					14	36																				
hsa-miR-3145-3p															21																			
hsa-miR-3145-5p	19	6						10						28																				
hsa-miR-3147		1																																
hsa-miR-3149	103															11																	12	
hsa-miR-3150b-3p						32		27				1																			16			
hsa-miR-3151-5p	70										21				9		1																	
hsa-miR-3152-5p													29					26				23												
hsa-miR-3153																																	1	
hsa-miR-3154	13																																	
hsa-miR-3156-5p															1																			
hsa-miR-3157-3p	11																																	
hsa-miR-3157-5p	30																																	
hsa-miR-3158-3p	33																						10											
hsa-miR-3159										15						1																		
hsa-miR-3162-5p	1																					19					9							
hsa-miR-3163														43																				
hsa-miR-3164		15					10									11																		
hsa-miR-3173-5p	582	16				14		66	16	48			13	67	29	27	276		29	38		51			80	8	21						8	
hsa-miR-3174	31			24				5																										
hsa-miR-3175	19																																	
hsa-miR-3176	9																																	
hsa-miR-3177-3p	230												14						45														12	
hsa-miR-3178	15			42	5			18						27	9	3	125	57	35				10	13	53		36						43	21
hsa-miR-3179								11																										
hsa-miR-3180-3p	176																																	
hsa-miR-3180-5p	131																																	
hsa-miR-3181									51						15					46			11											
hsa-miR-3182										16	22			21	13							34												
hsa-miR-3187-3p	24						11	20							17																			
hsa-miR-3188	21																																	
hsa-miR-3189-3p																			22															
hsa-miR-3190-3p	16										24																						10	
hsa-miR-3192-5p	26						12													1														
hsa-miR-3193																														1				
hsa-miR-3195														21		3							3											
hsa-miR-3197										1																						1		
hsa-miR-32-3p	520			48			49	33		11			12	108	40	30	28		103	82		146				99	6				10		33	
hsa-miR-32-5p	743				9	32	140	151	82				42	214	100	83	84	74	63	75		117	12		31			34			32		3	49
hsa-miR-3200-3p	2371					19	23						4		27				24					1			27						7	
hsa-miR-3200-5p	225																																	
hsa-miR-320a-3p	62936	3696	2909	5397	885	4270	12102	20870	3499	2598	4778	2460	4435	21574	12727	4576	15065	8330	14238	8068	1296	12828	588	649	6033	7192	9424	3125	96	3328	2880	484	5174	5662
hsa-miR-320a-5p								6																										
hsa-miR-320b	4065	521	331	381	209	187	791	1924	163	291	542	173	285	1273	707	240	984	702	542	824	146	923	144	148	503	610	626	400	62	682	129	226	421	698
hsa-miR-320c	2637	236	207	222	130	125	413	1441	141	129	193	134	228	836	481	117	579	453	322	468	39	392	31	24	205	383	240	65	62	575	101	80	257	374
hsa-miR-320d	1511	87		90	74	83	168	757	58	30	87	181	74	187	201	34	405	190	183	144	39	185	12		2	69	133	38	18	141	34	59	73	181
hsa-miR-320e	210	2	1	32		2	22	67	58	12			2	23	24	1	7	5	5			2	12		1	1		1		1	2	1	1	5
hsa-miR-323a-3p	52699		1	108				30							13	11	28					4		1				24		1				
hsa-miR-323a-5p	1076									27						1									34									
hsa-miR-323b-3p	6223			29				24					1		1													1						
hsa-miR-323b-5p	31																																	
hsa-miR-324-3p	2835	73	133	93	12	34	311	296	81	52	44	1	79	464	198	106	188	82	305	200	36	136	3	35	174	136	80	34		110	33	24	55	83
hsa-miR-324-5p	1598			11		16	40	16					7	39			67		90	65		29						1						43
hsa-miR-326	1015		36	23			10			5				28		19						98				23	53				18			11
hsa-miR-328-3p	15332	45	82	182		106	247	316	51	99	144		84	392	174	115	283	161	358	234	34	277	30	1	274	40	121	68	15	45	185	20	65	24
hsa-miR-328-5p						6																8												
hsa-miR-329-3p	43692			35												1			1					1					1	1		1		
hsa-miR-329-5p	778																																	
hsa-miR-330-3p	24799	16	48		9	25	52	59	93			21	65	73	149	31	23	37	89	48		68		1		87	69	31	1	1	59	1	45	
hsa-miR-330-5p	3112					4							10	21		12	20	31				12				1								
hsa-miR-331-3p	3525	53	48	72		66	477	346	107	31	40	55	39	368	361	91	372	95	245	134		334		17	81	48	172	52		24	35		139	92
hsa-miR-331-5p	510						21	106		10				18	22	5				36		36											45	
hsa-miR-335-3p	7705	88	101	103	17	31	266	591		23		20	65	141	415	356	354	106	216	171		137	31		63	58	185				61		180	
hsa-miR-335-5p	17937	106	293	282	13	245	742	975	216	116	63	58	374	905	1922	1771	1493	300	764	441	49	362	38	90	153	274	182			59	102	7	307	23
hsa-miR-337-3p	494																		23															
hsa-miR-337-5p	44																																	
hsa-miR-338-3p	20454					16							13	23		1						1		1				1				1	10	
hsa-miR-338-5p	65148	68				14	51		8		46		26	86	19	1	93		73		1	61	9	1			8						12	1
hsa-miR-339-3p	1478	6	185	34		85	182	294	20			54	62	141	241	65	70	26	96	126	19	190		14	54	17	56	29			21		106	12
hsa-miR-339-5p	607	58	194	67	2	197	669	391	183	65	25	17	141	264	531	127	348	329	323	340	58	804	17	6	384	37	325	145		53	121		161	27
hsa-miR-33a-3p			61				27												30															
hsa-miR-33a-5p	215	17																	41								14							
hsa-miR-33b-3p	17																																	
hsa-miR-33b-5p	6											8																						
hsa-miR-340-3p	21042	29	240	49		41	401	127	50	43	73	73	114	299	250	141	146	94	310	131		424	27	1		108	35			40		1	98	28
hsa-miR-340-5p	48404	89	94	100	9	131	358	674	98	71	63	46	190	641	666	267	572	111	373			647	8	55	211	346	157				86	1	201	55
hsa-miR-342-3p	27498	111	569	538	89	453	1316	1542	197	189	316	109	348	1431	840	669	1010	571	1158	1057	179	962	45	47	278	239	847	272	7		328	17	320	159
hsa-miR-342-5p	1427		60					12					38	42	28	9				95					36		30				15			
hsa-miR-345-5p	1661	2	1	151	26	100	577	437	68	118	54		153	559	552	180	190	69	239	131	104	371	27	9	67	54	182			73	107	20	86	38
hsa-miR-346	7022																					1												
hsa-miR-34a-3p	8														13																			
hsa-miR-34a-5p	3415	11	43	63	21		120	46	14		6	97	35	55	70	81	100	34	42	76		137	12	3	31	1	23	58		1	21		58	
hsa-miR-34b-3p	381															7			6	37														
hsa-miR-34c-3p	138																																	
hsa-miR-34c-5p	434																						6											
hsa-miR-3529-5p	58																																	
hsa-miR-3605-3p	1053			37		12	8	92			57		23	270	31	26	94	28	83	16		59				27	57				56			
hsa-miR-3605-5p	165					13		53				18	5						32			4												
hsa-miR-361-3p	11261	172	284	343	28	350	1205	1079	178	234	196	141	436	1374	894	347	813	577	679	580	197	1221	105	26	314	523	516	395		61	247	31	242	211
hsa-miR-361-5p	15657	101	401	224	70	343	1312	1293	160	159	179	152	394	1550	1078	508	753	470	1035	472	67	1402	16	68	233	412	590	124	1	109	354	42	335	95
hsa-miR-3611		12																																
hsa-miR-3612	34																																	
hsa-miR-3613-3p	36						10					22										5												12
hsa-miR-3613-5p	8231	39	74	65	53	48	226	497	68	19	80	26	53	582	304	146	30	275	202	63		596	117	32	99		68	74		90	64		42	46
hsa-miR-3614-5p							10																											
hsa-miR-3615	2076	23	16		4	11	140	187	26	3			19	108	104	75	170	26	124		31	193	22		170	47	89			52		4	44	
hsa-miR-3617-3p							14																											
hsa-miR-3617-5p	64						11																											
hsa-miR-3619-3p																						15												
hsa-miR-3619-5p																	44																	
hsa-miR-362-3p	83	10	61	9		39	113	147		17			58	43	75	86	68		55			59		18			39			33	58		39	
hsa-miR-362-5p	512	79	195	75	6	216	631	662	65	89	235	47	393	1060	706	209	583	180	812	272	78	620	19		106	179	233	28			190	18	231	95
hsa-miR-3620-3p	27																																	
hsa-miR-3622a-3p	14																					28												
hsa-miR-3622a-5p	163						11		26					8	16							19									28		17	
hsa-miR-363-3p	5272	54	523	219	16	333	1219	1153	115	221	263	115	601	1073	539	587	441	354	1104	1337	100	857	43	41	91	162	371	435	17	1	106		322	43
hsa-miR-363-5p	19																		69			7												
hsa-miR-3648	21	8								42															1			142						
hsa-miR-3659					1																						16							
hsa-miR-365a-3p	2501		355	11	15	71	424	273	9	54	22	93	9	247	163	61	177	57	271	263		140		13	12	90	106	61	1		90	1	126	70
hsa-miR-365a-5p	21		55								31			16	13					30	46		1					54					15	
hsa-miR-365b-3p	2501		355	11	15	71	424	273	9	54	22	93	9	247	163	61	177	57	271	263		140		13	12	90	106	61	1		90	1	126	70
hsa-miR-365b-5p	45							11					26		2	19			3						68	34	12							
hsa-miR-3660	47																																	
hsa-miR-3663-3p	19																																	
hsa-miR-3663-5p	26																																	
hsa-miR-3675-3p	5																																	
hsa-miR-3675-5p																								20										
hsa-miR-3679-3p	2																																	
hsa-miR-3679-5p	47	16						24								2									65		23			46				
hsa-miR-3682-3p																							11											
hsa-miR-3688-3p															19																			
hsa-miR-369-3p	33160			38				8					1									3								1	1	2		
hsa-miR-369-5p	2377			50							48					1																		
hsa-miR-3691-3p						5																												
hsa-miR-3691-5p	24																																	
hsa-miR-370-3p	13586			32												1						1										1		
hsa-miR-370-5p	376																																	
hsa-miR-371b-5p	20																																	
hsa-miR-374a-3p	1923	9		159	26	45	153	361		70	107	26	46	349	243	85	123	122	284		23	234		21		104	34	36			79		78	
hsa-miR-374a-5p	4541	72	295	128	16	47	423	565	35	41	80	44	191	734	475	305	511	208	486	188		621	48	28	148	154	144	70		28	128	1	175	
hsa-miR-374b-3p	1037			20		22	50	39	39				16	60	71	19	112		55	41		45			64	48	25						51	
hsa-miR-374b-5p	14118	65	352	95	15	288	1590	1069	97	142	177	45	348	928	1103	396	860	462	979	326	86	935	25	1	154	487	394	113			147	32	279	67
hsa-miR-374c-3p	31			1																														
hsa-miR-374c-5p	118						15	21						39	22	8						7					1							
hsa-miR-375-3p	2472	319	2386	5434	1257	288	1316	4933	257	1005	469	613	1871	3600	1045	2567	3279	2835	24773	17376	446	666	29	187	1577	2444	7327	21959		3284	1040	49	853	335
hsa-miR-375-5p		9																																
hsa-miR-376a-2-5p	23																																	
hsa-miR-376a-3p	787																			37														
hsa-miR-376a-5p	193																																	
hsa-miR-376b-3p	35																																	
hsa-miR-376b-5p	114																																	
hsa-miR-376c-3p	1581			21																														
hsa-miR-376c-5p	115																																	
hsa-miR-377-3p	294																																	
hsa-miR-377-5p	292																																	
hsa-miR-378a-3p	4815	27	215	433	17	145	414	1331	83	269	507	235	584	965	307	471	912	382	885	303	42	792	83	65	166	219	327	148		65	88	15	202	271
hsa-miR-378a-5p	121			23			72	24		11			25	22	28	20	34	33				12	15					3						
hsa-miR-378b	1											1		3			1			1							1							
hsa-miR-378c	61						13							27		9				84		32	6				7							
hsa-miR-378d	1			1				1		1										1														
hsa-miR-378g	23						2	16				1	1				48														1			
hsa-miR-378i	14	1	2	3		1		5			2	1		2		1	1		4			2	1			1	1	3						
hsa-miR-379-3p	608							22																										
hsa-miR-379-5p	70444			98				35			18					6		1		1	1	4				1	18	1		3		4		
hsa-miR-380-3p	1485																																	
hsa-miR-380-5p	205																																	
hsa-miR-381-3p	1079															7																		
hsa-miR-382-3p	9711							2																		1								
hsa-miR-382-5p	23794			27						19	35		11					1		1		2		2				130				2		
hsa-miR-383-3p	18																																	
hsa-miR-383-5p	4285																					1												
hsa-miR-3909	170					25		49	9					68	5				20			8	8				48			31			10	
hsa-miR-3912-3p	85						24	12	14													6												
hsa-miR-3913-3p	8																																	
hsa-miR-3913-5p	42					24		49							12																			
hsa-miR-3919											19																							
hsa-miR-3925-5p							1																				1							
hsa-miR-3928-3p	34																																	
hsa-miR-3928-5p																						20	8											
hsa-miR-3934-5p																	52																	
hsa-miR-3937	28								1								1								1									
hsa-miR-3938	14																																	
hsa-miR-3939																	1																	
hsa-miR-3940-3p	29								10					13								21												
hsa-miR-3942-5p																						27									23			
hsa-miR-3943	119																																	
hsa-miR-3944-3p															5												6							
hsa-miR-3944-5p							10																											
hsa-miR-3960		9	3	19	34				20	17					54	14	35						8					43	9	1	18	8		
hsa-miR-3976		1																																
hsa-miR-409-3p	31845		1	222		18		3		16	38		12				62	11			27	3				1	21				7	1		
hsa-miR-409-5p	2019																										21							
hsa-miR-410-3p	2001																																	
hsa-miR-410-5p	19																																	
hsa-miR-411-3p	1691							1																										
hsa-miR-411-5p	16743	10		42	1						38							1						1										
hsa-miR-412-3p	20																																	
hsa-miR-412-5p	2134																					1												
hsa-miR-421	7732	36	74	42			112	117	10	64	55	15	70	255	149	41	120	102	129	1	31	226	29	17		45	45	26		17	74	1	27	
hsa-miR-423-3p	53754	758	2294	2466	343	1311	4078	5592	728	796	1641	426	2025	7228	5243	2029	4373	2170	4884	2772	544	6005	185	230	2159	2105	2556	1117	8	484	1428	76	2073	2283
hsa-miR-423-5p	30697	3743	5268	4507	476	2890	6204	17460	1769	1355	2023	660	3614	12435	8631	2655	7250	3258	7013	4380	1092	8620	247	420	3814	4226	4979	1926	24	5015	2161	151	3245	3150
hsa-miR-424-3p	642	77	183	188	11	92	342	546	25	106	209	1	465	509	154	311	165	492	379	318	131	266	15	26	124	134	84				14		247	116
hsa-miR-424-5p	659	59		16	10	83	141	177	33	65	152		107	292	58	295	68	146	227	208		90		34	38		20	37			23		46	15
hsa-miR-425-3p	1430	36	47	26		25	148	98		29	36		29	118	35	25	183	146	106		49	91	6	30		124	33	32			22			32
hsa-miR-425-5p	11431	80	436	150	48	95	853	1085	153	196	332	211	265	974	708	657	668	661	1688	177	147	2185	147	91	456	375	362	293		1	262	1	189	525
hsa-miR-4259										17				12		2																		
hsa-miR-4267																					37													
hsa-miR-4274																														1				
hsa-miR-4286	21					13								14					18															
hsa-miR-4289	2																																	
hsa-miR-429	71	356	3992	817	357	910	12322	7382	953	804	657	1031	2352	6114	5317	3400	4815	1609	5570	2807	404	8739	290	252	1198	1709	1487	509	6	44	722	44	1551	692
hsa-miR-4293								1		11																								
hsa-miR-431-3p	831																																	
hsa-miR-431-5p	375																							7										
hsa-miR-432-5p	21580			337				36							14		34		44			2				1						3	1	
hsa-miR-4323	13																																	
hsa-miR-4324	51					20		1	12							48		1						6			33				1			
hsa-miR-4326	183												9			15				40							11							
hsa-miR-433-3p	29442		1	55	1		1			26							1					1		2										
hsa-miR-433-5p	555																																	1
hsa-miR-4421	21																																	
hsa-miR-4423-5p															8	25	39		19															
hsa-miR-4428	17																																	
hsa-miR-4429	29			37				3	1	1			1	3		1	3	1	1	3		2			2	1		2			1			
hsa-miR-4431																			6															
hsa-miR-4433a-5p	25																		56															
hsa-miR-4433b-3p	16																																	
hsa-miR-4433b-5p	76																																	
hsa-miR-4435	21																																	
hsa-miR-4436b-3p																10																		
hsa-miR-4440	110	20												1																				
hsa-miR-4443	402				10	17		11			16	31	18	54		6		17				15				51	11	12					28	13
hsa-miR-4446-3p	315												23		40	18			31			42					11							
hsa-miR-4448														1														1						
hsa-miR-4451													1									14					4							
hsa-miR-4454	2																																	
hsa-miR-4466		7						11				5		16						86		29												
hsa-miR-4467	50																																	
hsa-miR-4470	33																																	
hsa-miR-4472															1																			
hsa-miR-4473	5																																	
hsa-miR-4474-3p	12																																	
hsa-miR-4477b																13																		
hsa-miR-4479																		40														54		
hsa-miR-448	340																					1												
hsa-miR-4482-3p	18																																	
hsa-miR-4482-5p	21																																	
hsa-miR-4484	31	1											1																					
hsa-miR-4485-3p	88				15																					29								
hsa-miR-4485-5p	38																																	
hsa-miR-4488	84		1		6				12									20		12				4			12							20
hsa-miR-4492	17			2								1				10							8	7										
hsa-miR-4497		8							23														13	6										
hsa-miR-4498																				73														
hsa-miR-449a	12										15																							
hsa-miR-449b-3p																						15												
hsa-miR-449b-5p														13																				
hsa-miR-449c-5p							22							32													17							
hsa-miR-4500																	1																	
hsa-miR-4508				45		8	6											27															15	
hsa-miR-450a-1-3p								46								21								7										
hsa-miR-450a-2-3p	75												1		35							13												
hsa-miR-450a-5p	322	5				37	154	74			44		41	131	40	90		95	15	31		54	3	19			31	60					18	24
hsa-miR-450b-5p	369	32		72	24	43	260	155	47	32	50	12	93	158	47	147	138	121	104	97		239	37		31	36	73				51	1	27	
hsa-miR-4510	942	9	55	28	7	20	76	97	13	15	13	5	31	109	82	12	61	18	67	46	3	43	3	3	19	35	44	17		4	15		37	8
hsa-miR-4513																								4										
hsa-miR-4516							22										21			34				8			28			49		1	1	
hsa-miR-451a	46795	1	68		23		279	838		82		134	54	31		2	91		19	1			7				177	1		27		10	35	9
hsa-miR-452-3p																							3											
hsa-miR-452-5p	78	36			37		27	96		73	49	70		91	33	21	97	101	98			77					31				33	12	17	
hsa-miR-4520-2-3p																						18												
hsa-miR-4520-3p	16																					18												
hsa-miR-4523	18																										29							
hsa-miR-4525	54							17																										
hsa-miR-4536-5p	28						17													64														
hsa-miR-4538								1	11	20				28	24	12	44	23						10					8	83	26	22		37
hsa-miR-454-3p	5151	15	37		24	46	170	165	38	11	33		67	255	140	111	164	69	108			159	7		59	122	38	129					35	19
hsa-miR-454-5p	248		35					53	31							12			54	40		70											8	
hsa-miR-455-3p	792		68	77		112	472	181		51	218	91	171	312	242	278	166	104	402	206	111	231	3	17	204	252	100				85		35	
hsa-miR-455-5p	98						15	14						18			115				54	15		39										23
hsa-miR-4632-5p																							1										2	
hsa-miR-4634							12																					44						
hsa-miR-4635					1												2																	
hsa-miR-4636	14											8				6		50			6	17												
hsa-miR-4638-5p	12					1																												
hsa-miR-4640-3p	207								5					10		3					39	7						13			19			
hsa-miR-4644																									1									
hsa-miR-4646-3p	1																																	
hsa-miR-4647						8	29													54														
hsa-miR-4648	27																																	
hsa-miR-4649-5p																																		1
hsa-miR-4651																				40		8												
hsa-miR-4652-5p						32																												
hsa-miR-4654	3										64																							
hsa-miR-4656																															25			
hsa-miR-4661-5p										13				47					5								1							
hsa-miR-4662a-3p													8			27																		
hsa-miR-4662a-5p	141			42		28	28	68			23		30	40	47	32	47	113	1	56		22				45					28		19	
hsa-miR-4662b																						17												
hsa-miR-4664-3p	15																																	
hsa-miR-4665-5p																5																		
hsa-miR-4669	12																																	
hsa-miR-4671-3p	4																																	
hsa-miR-4671-5p						30																												
hsa-miR-4672																															26			
hsa-miR-4673																8																		
hsa-miR-4676-5p									26																									
hsa-miR-4677-3p	95																28					17					10							
hsa-miR-4677-5p	21																																	
hsa-miR-4680-3p			28	26	8	25	16	27		20	5		15		2	12		40	49		77			15		1		26					9	
hsa-miR-4683	16															6																		
hsa-miR-4684-3p																						6												
hsa-miR-4685-3p	49														4												19							
hsa-miR-4687-5p	14																			25														
hsa-miR-4688	31																																	
hsa-miR-4689	14																																	
hsa-miR-4695-3p	20							7																										
hsa-miR-4697-3p								7																										
hsa-miR-4700-5p		10																																
hsa-miR-4703-3p																	1																	
hsa-miR-4705	203																																	
hsa-miR-4707-3p																						6												
hsa-miR-4707-5p																	1															7		
hsa-miR-4709-5p							18															14												
hsa-miR-4716-3p														32																				
hsa-miR-4717-3p	3																																	
hsa-miR-4723-3p	27														8																			
hsa-miR-4723-5p	44																																	
hsa-miR-4724-5p																					46													45
hsa-miR-4725-5p								9																										
hsa-miR-4728-3p				23	6		58	33		9			28		37		42	72	31		16	90								43	10			
hsa-miR-4731-3p	9																																	
hsa-miR-4731-5p	12																															23		
hsa-miR-4738-3p	32							20																										
hsa-miR-4741																				1												1		
hsa-miR-4742-3p	122		39												43							31												
hsa-miR-4742-5p	101						22									16																		
hsa-miR-4743-5p	51																	17																
hsa-miR-4745-3p																											25							
hsa-miR-4746-3p																12														35		4		
hsa-miR-4746-5p													5																					
hsa-miR-4748							26				57																							
hsa-miR-4749-5p	16															1											11							
hsa-miR-4750-3p	5																																	
hsa-miR-4750-5p	25																					15												
hsa-miR-4754	21																																	
hsa-miR-4756-3p										10																								
hsa-miR-4758-3p									25													9												
hsa-miR-4761-3p										16			7										10			38		27						
hsa-miR-4762-5p			77				19																											
hsa-miR-4763-3p	9																				1						18							
hsa-miR-4763-5p	20																																	
hsa-miR-4767													18																					
hsa-miR-4775	35						15					2	13							34	15			9										
hsa-miR-4779																						7												
hsa-miR-4780	135																																	
hsa-miR-4781-3p																												1						
hsa-miR-4783-3p	2												8																					
hsa-miR-4785																												6						
hsa-miR-4786-3p										11																								
hsa-miR-4786-5p	8																																	
hsa-miR-4787-3p	202																	37																
hsa-miR-4787-5p																												17						
hsa-miR-4790-3p								16																										
hsa-miR-4791	102																																	
hsa-miR-4796-3p						20																											15	
hsa-miR-4796-5p	12																																	
hsa-miR-4797-3p	25																																	
hsa-miR-4798-5p	39																																	
hsa-miR-4800-3p							19	18						19													17	27						
hsa-miR-4800-5p						18																												
hsa-miR-4804-3p								11																										
hsa-miR-4804-5p	31									18																								
hsa-miR-483-3p	163																																	
hsa-miR-483-5p	373	16		26						10						9																16	14	8
hsa-miR-484	4699	118	178	289	68	231	1074	713	106	72	266	117	244	850	491	279	661	484	564	276	35	896	18	53	256	292	443	151	1	114	235	14	336	71
hsa-miR-485-3p	19967			18				16								1						1				13								
hsa-miR-485-5p	20309															1						1												
hsa-miR-486-3p	273													22	5				1												33			
hsa-miR-486-5p	16757	14	85	12	7		52	398	10	41	62	91	38	90	35	37	85		73	38	41	192	21	6	1	102	119		2	93	63	18	108	7
hsa-miR-487a-3p	1549																																1	
hsa-miR-487a-5p	825																																	
hsa-miR-487b-3p	124635	16		246				105		26	49		9	1				1	21			5	13	1		1	53	1		1		1		1
hsa-miR-487b-5p	411																																	
hsa-miR-488-3p	1924																																	
hsa-miR-488-5p	418																																	
hsa-miR-489-3p	59		72				91	17		11	16		11	50	36	30		35	36		26	31				45	8				61		31	
hsa-miR-490-3p	85																																	
hsa-miR-490-5p	209																																	
hsa-miR-491-3p	58																																	
hsa-miR-491-5p	613													14	7								5											26
hsa-miR-493-3p	120			30				11																										
hsa-miR-493-5p	1635			268				29	12	5							63								29		32				6			
hsa-miR-494-3p	4148			74																		1												
hsa-miR-495-3p	21341			33						24						1						1		1			25							
hsa-miR-495-5p	37																																	
hsa-miR-496	156																																	
hsa-miR-497-3p	27																																	
hsa-miR-497-5p	2294						28	20					17		3						54													
hsa-miR-498-5p								18																										
hsa-miR-4999-5p	66																																	
hsa-miR-499a-5p	3523	27				18	120	163		8			21	144	120	26	211		58		52	20					19						9	
hsa-miR-5001-3p	28			19									8					26									12							
hsa-miR-5002-5p	127																																	
hsa-miR-5004-3p	58		30																															
hsa-miR-5004-5p	21																																	
hsa-miR-5006-3p	28			26																														
hsa-miR-500a-3p	2456	250	1093	510	39	647	2381	2906	393	290	406	161	985	3284	2828	747	2395	593	2209	939	109	1919	13	53	406	658	1055	269	18	106	423	17	1030	646
hsa-miR-500a-5p	89		35			39	164	102	17	8	18	1	57	245	181	10	88	70	172	119	46	77	14				9						59	36
hsa-miR-500b-3p	14				1		4	24	3					17	4	2	2	1	6	1		4			2	39	26							
hsa-miR-500b-5p	38		35			37	138	83	17	8	18	1	37	245	163	10	46	70	88	119	46	57	14				9						40	
hsa-miR-501-3p	2400	379	783	643	69	807	2451	3962	449	393	621	142	1125	3373	2793	949	2565	1513	3182	1560	96	1935	55	25	567	866	1384	82	35	261	441	37	1067	498
hsa-miR-501-5p	210	9	171	111		71	401	177		25	20		95	187	173	105	261	18	226	27	58	192		11	42	60	133				52		45	35
hsa-miR-5010-3p	569							25																			24							
hsa-miR-5010-5p	77																					9												
hsa-miR-502-3p	1048	166	276	519	80	510	1979	1686	244	313	200	136	608	2219	1866	692	1852	637	1203	824	176	1645	50	24	195	735	846	220	15	172	288	80	617	457
hsa-miR-502-5p	36						53	77		4	14		18	19	12		19		7	61											20			33
hsa-miR-503-5p	366	15	32	13	31	45	85	101		13	160		56	109	30	47	46	93	61	56		144	6		71	99						12	23	7
hsa-miR-504-3p														27																				
hsa-miR-504-5p	10278	5	55				55	59		10				60	14	24		51	205			23					17				29		28	
hsa-miR-505-3p	2259	77	362	269	31	160	881	664	96	100	97	116	262	1003	462	270	626	285	481	217	74	910	10		285	235	418	94		72	230	1	280	129
hsa-miR-505-5p	159		66				11							22		5			19			42	16		42		16							
hsa-miR-506-3p	52					2		19						30		9				30		10												
hsa-miR-508-3p	99			27		10	100	49	81			34	12	15		80	58			28		53			71		7			25	28		18	
hsa-miR-508-5p	18						28							29	11							7				19								
hsa-miR-5088-3p	28																																	
hsa-miR-5089-3p	11																																	
hsa-miR-509-3-5p	35						40						2	45			54	48				51												
hsa-miR-509-3p	52			49			30	62		16			39	23			10			111	7	12	26	13			8				42			
hsa-miR-509-5p				23																	64													
hsa-miR-5090	23																																	
hsa-miR-510-5p							18											70			44										29			
hsa-miR-5100	112	91		186		24	287	120		13		27	230	180	211	62	104	35	358	96		71		1		69	356	187			37		34	
hsa-miR-511-5p	29																																	
hsa-miR-513a-5p	9						54				40			33	11	19	72	36				71	27											
hsa-miR-513b-5p							15	15			42			6		40						23												
hsa-miR-513c-5p	123		67		22		23	25			53			23		15						63					18							
hsa-miR-514a-3p						16	96	12					9	35		77	54					26	31	11							20			
hsa-miR-514a-5p					12		20													86		38												
hsa-miR-514b-5p	13	27								8																	48	24						
hsa-miR-516a-5p	55															25						35												
hsa-miR-516b-5p	40																		1															
hsa-miR-517a-3p	1		32																														18	
hsa-miR-517b-3p	1		32																														18	
hsa-miR-517c-3p	30																																	
hsa-miR-5186																							11											
hsa-miR-5187-3p																															15			
hsa-miR-5187-5p	55																					21												
hsa-miR-5188	17																																	
hsa-miR-5191	35																																	
hsa-miR-5195-5p																				1														
hsa-miR-5196-3p	84																																	
hsa-miR-5196-5p																11																		
hsa-miR-519a-3p							6																											
hsa-miR-519a-5p	56						11																											
hsa-miR-519d-5p														1																				
hsa-miR-520f-5p							5		21					1																				
hsa-miR-522-3p	221			15																		22			68									
hsa-miR-532-3p	113	18	17	121		136	514	566	92	83	74	42	245	555	344	113	260	151	203	447		381			176	189	317			73	126	7	180	34
hsa-miR-532-5p	3438	172	1350	576	84	895	3647	3747	462	565	537	165	1762	4235	2798	1088	2119	1386	3389	1997	316	2667	39	81	188	1188	1256	189	1	216	421	34	1386	689
hsa-miR-539-3p	2498																								1							1		
hsa-miR-539-5p	1809															6						1												
hsa-miR-541-3p	238																																	
hsa-miR-541-5p	3																																	
hsa-miR-542-3p	251		126			36	92	336		32	143	24	71	290	118	136	58	29	123	25	34	84		20		63	9	59			18		23	96
hsa-miR-542-5p	10													27				60														6		
hsa-miR-543	22625	14	1		1			14					11		1																			
hsa-miR-545-5p																											25							
hsa-miR-548a-3p							8	10											45															
hsa-miR-548ab	79								15																							1	13	
hsa-miR-548ad-5p																		51																
hsa-miR-548ag										9				23																				
hsa-miR-548ai											32																							
hsa-miR-548al	17																																	
hsa-miR-548ao-5p	24																																	
hsa-miR-548ar-3p	14																																	
hsa-miR-548at-5p	11																																	
hsa-miR-548aw	13																																	
hsa-miR-548ax								17																										
hsa-miR-548ba	27							21		21																								33
hsa-miR-548e-3p	109						86	45	12						24		53		51	48		55	7				30				1			
hsa-miR-548j-5p	41										56			34					55														13	
hsa-miR-548k	91						62	56						57	31			31	61			23			49	16								
hsa-miR-548l	45													73																				
hsa-miR-548m														1																				
hsa-miR-548n	31							26																										
hsa-miR-548o-3p	28							32	28																									
hsa-miR-548q	23																																	
hsa-miR-548s								1																										
hsa-miR-548t-5p			77																															
hsa-miR-548v	9																		49															
hsa-miR-549a-3p	40																																	
hsa-miR-550a-3-5p	100	19	1				34									7	62																22	
hsa-miR-550a-3p	61					6								16																				
hsa-miR-550a-5p	100	19	93			20	34		25					20	26	7	62					15											22	
hsa-miR-551b-3p	90														6	9																		
hsa-miR-551b-5p							26																											
hsa-miR-552-3p	17																																	
hsa-miR-556-3p	22						7	31						24	18	9															16			
hsa-miR-556-5p	54							8						45		6					47	9												
hsa-miR-5579-3p	11																																	
hsa-miR-5581-3p							2															19												
hsa-miR-5584-3p	14																																	
hsa-miR-5584-5p	301																																	
hsa-miR-5588-5p													8																			1	24	
hsa-miR-5680	62																																	
hsa-miR-5682	25																																	
hsa-miR-5689																															1			
hsa-miR-5696																21																		
hsa-miR-570-3p	33																																	
hsa-miR-570-5p											32																							
hsa-miR-5703													11																					
hsa-miR-571																										1								
hsa-miR-572					6																													
hsa-miR-574-3p	6018	29	93	235	134	136	823	624	103	61	69	125	380	748	385	401	316	350	976	617	233	733	25	21	305	173	438	424		1	67	26	216	28
hsa-miR-576-3p																														49				
hsa-miR-576-5p	151			42			60	63	5	20	36			86	28	4	45		73		63	10	11				47	27			22		13	
hsa-miR-577	1771						147		21					201	59				128		1	73											25	
hsa-miR-579-3p	17																																	
hsa-miR-581																			23															
hsa-miR-582-3p	938	27		24		10	42	12			68		12	55	45	33	74	69	31		56	57					24			1	4		17	
hsa-miR-582-5p	1054						48	123	28	13			33	218	164	65		68	48			112		13		21	42	25					10	
hsa-miR-584-5p	24133	13	209	74	35	16	144	304	21	30	185	74	75	76	116	134	134	144	340	346	50	725	1	2	395		267	56		61	23		29	142
hsa-miR-585-3p	103			33																														
hsa-miR-589-3p	22						5								15							9												
hsa-miR-589-5p	376	32		36			38	29	25			43	18	23	42	28	51		64			7			67		76							
hsa-miR-590-3p	1129		75				10	12					17	20	84	19	70	23	39			54									24			
hsa-miR-592	1045																	66														1		
hsa-miR-597-3p	48																																	
hsa-miR-598-3p	10358	28	67		51	15	300	340	19	13	54	30	100	440	286	120	57	106	335	157	55	478	29		115	51	117	53	2	63	66		154	49
hsa-miR-605-5p																11																		
hsa-miR-6068																										6								
hsa-miR-6076																	1																	
hsa-miR-6078										19																								
hsa-miR-608						1																												
hsa-miR-6080																	44																	
hsa-miR-6124											25																							25
hsa-miR-6125			2				12										42																	
hsa-miR-6129	6						1	2						1					1	1											1		1	
hsa-miR-6130	48			2		1	3	6	2		1	2	2	5	3		3	1	1			4		1	3		1	1						
hsa-miR-6131									21																									
hsa-miR-6134	17						1		1						1		2	1	1				2											
hsa-miR-615-3p		51	90	148		47	71	318	21	90	82		183	312	86	124	149	125	44	216	69	68		6	28	114	84	49			93		46	71
hsa-miR-616-3p	108			36		23	19	2								8	49									31					29		46	
hsa-miR-616-5p	70							17				1		2	8																			
hsa-miR-618		2			19			62	31	23				81	28	7			40	55		23			51	28	20				4			
hsa-miR-622									37										29					4		1					30			
hsa-miR-624-3p	13																																	
hsa-miR-624-5p																															10			
hsa-miR-625-3p	3909	3		41		17	99			12			18	120	84	32	105	64	76	111		103	29		88	92	40	76					29	17
hsa-miR-625-5p	178		45										20																					
hsa-miR-627-3p	51								13							4											28							
hsa-miR-627-5p								22																										
hsa-miR-628-3p	4019	41	146	63	24	78	132	122	47	36	22		64	234	174	20	174	57	248	36		40					52				66	1	28	
hsa-miR-628-5p	3575						106	43						43	58	18	26	59													17			
hsa-miR-629-3p	24		11				28								53			51													46			
hsa-miR-629-5p	681	162		24	10	21	32	175	21	17	24	74	18	85	79	32	167	83	68			83	9			31		27		384	1	18	24	13
hsa-miR-635											2																							
hsa-miR-638							7																											
hsa-miR-641	313		56				11	14						43	34			22	45			29												
hsa-miR-642a-3p	324	12					22	19	30				20	36	53		49								57		19						48	
hsa-miR-642a-5p	219	10						29									18			67						18								
hsa-miR-642b-3p	37	12																									11							
hsa-miR-642b-5p	1																																	
hsa-miR-643																7																		
hsa-miR-6499-5p															17																			
hsa-miR-6500-3p	93																																	
hsa-miR-6501-3p	27					19																												
hsa-miR-6505-3p	31																																	
hsa-miR-6505-5p	95																																	
hsa-miR-6507-5p	83																																	
hsa-miR-6508-3p	44							12																										
hsa-miR-6508-5p														18																				
hsa-miR-6509-3p	38																																	
hsa-miR-6509-5p	43													11		1																		
hsa-miR-651-5p	72		39				70	121		25	26		35	112	131	45	12	22				95								58	21		26	
hsa-miR-6510-3p			38		7		18	22						17													75							
hsa-miR-6510-5p								13														8												
hsa-miR-6511a-3p	707			14			16	22		4									39		1	41					10	50			21		9	
hsa-miR-6511a-5p	152							22																					1					
hsa-miR-6511b-3p	979						5	12			13		16	60	38							12	9				26	1					36	
hsa-miR-6511b-5p	152							22																					1					
hsa-miR-6512-5p						6	19							19			16																	
hsa-miR-6513-3p	19																																	
hsa-miR-6514-5p	63																																	
hsa-miR-6516-3p	39																15																	
hsa-miR-6516-5p	125																																	
hsa-miR-652-3p	8811	84	176	317	126	255	1339	1554	167	239	147	90	591	2088	2014	717	1323	389	1114	498	169	1881	88	55	584	384	664	294		57	346	15	484	406
hsa-miR-652-5p	23																																	
hsa-miR-653-3p	88		9	39			16	22	18		63	30	16	14	14	71	25			134		24					8							
hsa-miR-653-5p	177		60	26			179	90	13				37	294	177	102	84		66	83	31	122			67		39				99		68	17
hsa-miR-654-3p	2985			39					26	10														1										
hsa-miR-654-5p	676																																	
hsa-miR-655-3p	2952																													1				
hsa-miR-656-3p	5264																							2						1				
hsa-miR-656-5p	45																																	
hsa-miR-658						20																												
hsa-miR-659-5p															10		36																	
hsa-miR-660-3p	47		32			46	16							2	29		47	35	29			14												34
hsa-miR-660-5p	785	93	334	296		180	1553	1020	118	167	136	19	681	1071	802	449	710	207	820	351	56	540	49	8	182	202	423	143	25	56	154	1	545	188
hsa-miR-662													14			5																		
hsa-miR-663b	56																																	
hsa-miR-664a-3p	1670	21	316	132	11	188	1004	684	39	83	127	51	204	1125	476	179	426	291	744	496	19	429	18	14	83	303	240	171		57	127	16	105	8
hsa-miR-664a-5p	1661	45	137	98	16	157	225	342	53	59		13	70	346	248	87	25	126	343	148	83	265			89	71	170	107			58		63	27
hsa-miR-664b-3p	199						22									11	28					20												
hsa-miR-664b-5p	79			38										52	34	5			39								11							
hsa-miR-665	23																																	
hsa-miR-668-3p	1887																														12			
hsa-miR-671-3p	1478					8	35	66	34			47		8	19	66	43	24	182	129		82	14	1	20		56						70	
hsa-miR-671-5p	635	16	42	49				17	12					47	17		29		4	80														
hsa-miR-6715a-3p	19															5																	1	
hsa-miR-6716-3p	305													20	9	14								1									19	
hsa-miR-6717-5p																									56					2				
hsa-miR-6718-5p	70																																	
hsa-miR-6720-3p	39																																	
hsa-miR-6720-5p																		1														8		
hsa-miR-6721-5p	43																																23	
hsa-miR-6722-3p						9																												
hsa-miR-6724-5p	37		39			5							18	1					20															1
hsa-miR-6726-3p	16							13																										
hsa-miR-6729-3p		13																																
hsa-miR-6729-5p																																	13	
hsa-miR-6730-5p				9																		16				79								
hsa-miR-6734-3p	22																																	
hsa-miR-6734-5p	84			27				22								12			11								55				32			
hsa-miR-6735-3p	34																																	
hsa-miR-6735-5p	30						7				20																							
hsa-miR-6736-5p																						22												
hsa-miR-6738-3p	37																																	
hsa-miR-6738-5p					23		11		44		1	28		62	41	17	24	46		18		32						67		68		8		
hsa-miR-6740-5p	25																																	
hsa-miR-6741-3p	17																																	
hsa-miR-6743-3p	4													14																				
hsa-miR-6747-3p	51																																	
hsa-miR-6748-3p						1																												
hsa-miR-6749-3p	13							16																										
hsa-miR-6752-5p										1						7																		
hsa-miR-6754-3p	27																																	
hsa-miR-6755-5p	32																																	
hsa-miR-6757-5p																														54				
hsa-miR-6758-5p						24																												
hsa-miR-676-3p	145						6							25					43															
hsa-miR-676-5p	3																																	
hsa-miR-6760-3p	35																																	
hsa-miR-6761-3p	66													29														40						
hsa-miR-6761-5p	27																																	
hsa-miR-6762-5p														37																				
hsa-miR-6763-3p	14																																	
hsa-miR-6764-5p	26																																	
hsa-miR-6765-5p	13																																	
hsa-miR-6766-3p	29																																	
hsa-miR-6767-5p										6																								
hsa-miR-6769b-5p														18																				
hsa-miR-6772-3p	12																																	
hsa-miR-6773-5p																5															1			
hsa-miR-6776-3p	16																																	
hsa-miR-6777-5p													7		1																			
hsa-miR-6779-5p	32																																	
hsa-miR-6780a-5p				39						11																								
hsa-miR-6780b-5p														25																				
hsa-miR-6781-3p														1																				
hsa-miR-6783-5p							8																											
hsa-miR-6785-3p	19																																	
hsa-miR-6786-3p																6																		
hsa-miR-6787-5p														19																				
hsa-miR-6788-3p	55																																	
hsa-miR-6789-5p																	32																	
hsa-miR-6790-3p																							1											
hsa-miR-6790-5p															1																			
hsa-miR-6791-5p																	51																	
hsa-miR-6792-3p	15																																	
hsa-miR-6793-5p				22			14														31													
hsa-miR-6794-3p	99																																	
hsa-miR-6794-5p	60																						11											
hsa-miR-6795-5p						19																10												
hsa-miR-6796-5p	28																								1									
hsa-miR-6798-3p	3																																	
hsa-miR-6800-3p	37																																	
hsa-miR-6802-3p	13													25																				
hsa-miR-6802-5p								14																1									21	
hsa-miR-6803-3p	142		46					47						4		9								13		55								
hsa-miR-6804-5p	19																																	
hsa-miR-6809-5p							16																											
hsa-miR-6810-3p							19							45			25		15								16							
hsa-miR-6810-5p													12	26		10						5												
hsa-miR-6812-5p	1																																	
hsa-miR-6813-5p	21																																	
hsa-miR-6814-5p																13																		
hsa-miR-6815-5p											1												1									1		
hsa-miR-6816-3p	18																																	
hsa-miR-6818-3p	20																																	
hsa-miR-6820-5p	28																																	
hsa-miR-6821-3p		2		1	1			1		1				1				1			4		1										1	
hsa-miR-6821-5p										19	39											3					1						4	36
hsa-miR-6826-5p	13																					10											11	
hsa-miR-6827-3p	16																																	
hsa-miR-6828-5p	24																																	
hsa-miR-6833-3p	27																																	
hsa-miR-6833-5p	14																																	
hsa-miR-6834-5p																		32																
hsa-miR-6837-3p	17																					8												
hsa-miR-6838-5p			1																															
hsa-miR-6841-5p	90																		38															
hsa-miR-6842-3p	297																																	
hsa-miR-6847-5p	91						23																											
hsa-miR-6849-3p	30																					36												
hsa-miR-6850-3p		1																																
hsa-miR-6850-5p													9									17												
hsa-miR-6851-5p																8																		
hsa-miR-6852-5p	34																																	
hsa-miR-6855-3p	46						12																											
hsa-miR-6859-5p	127														23							15												
hsa-miR-6861-5p																										1								
hsa-miR-6862-3p	23									17																								
hsa-miR-6862-5p																																		21
hsa-miR-6863								8					71				60	38	25														24	
hsa-miR-6865-3p	16														22																			
hsa-miR-6866-3p														26																				
hsa-miR-6867-5p	10																																	
hsa-miR-6868-3p	20																																	
hsa-miR-6869-3p				25							33																		8			11		
hsa-miR-6869-5p		32	1	43	23	58	43	36		21	89	12		12	3	23	8		31	30		12		24	65	62		1			32	12	5	
hsa-miR-6872-3p																						1												
hsa-miR-6875-5p								31																										
hsa-miR-6876-5p																							2											
hsa-miR-6877-5p	31																																	
hsa-miR-6880-3p																									65									
hsa-miR-6880-5p	12																																	
hsa-miR-6881-3p	52																																	
hsa-miR-6881-5p	30																																	
hsa-miR-6882-3p										18																								
hsa-miR-6882-5p	46																	7										33						
hsa-miR-6883-3p	59														17																			
hsa-miR-6884-5p	24																																	
hsa-miR-6885-3p	47																																	
hsa-miR-6885-5p								23																										
hsa-miR-6887-3p								5																										
hsa-miR-6887-5p								38																				1						
hsa-miR-6889-5p									1																									
hsa-miR-6891-5p																						16											6	
hsa-miR-6894-5p														22										15										
hsa-miR-6895-3p														17																				
hsa-miR-6895-5p																		27																
hsa-miR-7-1-3p	795				18		36	57		23			19	18	13	18		74	58	58		26					12	27			85			8
hsa-miR-7-2-3p	108																																	
hsa-miR-7-5p	218307	56	139	167	64	174	139	450	136	52	22	64	266	243	282	216	188	213	98	1		487	16	117	207	160	163	81	10	78	19	5	39	60
hsa-miR-708-3p	1003		66	18			42	28					10	76			25		12															
hsa-miR-708-5p	4324							55					22			3					29	35												
hsa-miR-7107-5p																															19			
hsa-miR-7110-3p	18																																	
hsa-miR-7111-3p																					32													
hsa-miR-7113-5p	24																																	
hsa-miR-7114-3p	11									1						4			1						1									
hsa-miR-7114-5p	14																																	
hsa-miR-7151-3p	84																																	
hsa-miR-7156-5p	17																																	
hsa-miR-718							1																											
hsa-miR-744-3p	82																											36						
hsa-miR-744-5p	12191		65	70	23	51	134	114	61	16			15	40	78	44	37	30	114	310	62	24	7	27	17	112	1	156		34	29			27
hsa-miR-758-3p	229																															1		
hsa-miR-758-5p	528																																	
hsa-miR-760	3695	26				26	44					4		25	58	15	39	14				48					15			38	27	15	28	22
hsa-miR-765	142							6													40	15												
hsa-miR-766-3p	181						22	6			1			21	15		45		24			24												12
hsa-miR-766-5p	12																																	
hsa-miR-767-3p	19																																	
hsa-miR-767-5p	404		1												26																			
hsa-miR-769-3p	605																															10		
hsa-miR-769-5p	25197	30		116	17	63	232	158	34		105		49	331	108	106	37		117	57		167	28	45			39	65		1	29	1	83	77
hsa-miR-770-5p	189																																	
hsa-miR-7702	12																																	
hsa-miR-7704	104						13	23										1						32	58		42			111		1		
hsa-miR-7705	56																																	
hsa-miR-7706	71						15								74				35			10					9							
hsa-miR-7845-5p																			1															
hsa-miR-7846-3p	3																																	
hsa-miR-7847-3p																15																		
hsa-miR-7852-3p		1																																
hsa-miR-7854-3p																5																		
hsa-miR-7976	20													12	19							16												
hsa-miR-7977	91	1		29			24						22						15			9											1	
hsa-miR-8060											1									2				9			1							
hsa-miR-8072																12	1								1									
hsa-miR-8075		1																																1
hsa-miR-8079							1																											
hsa-miR-8083							18				1																							
hsa-miR-873-3p	426						11																											
hsa-miR-873-5p	752								14																									
hsa-miR-874-3p	6775	10	142		1		321	171	103	17	67		151	459	197	76	117	212	204	174	15	256	9		55	121	88	18			58	44	106	185
hsa-miR-874-5p	138												10								31													
hsa-miR-876-3p	282							6																										
hsa-miR-877-3p	53													21												27								
hsa-miR-877-5p	990	16	205	193	25	87	261	539	45	61	109	54	77	318	262	73	306	25	175	31		350			114	336	152	20			67	20	84	41
hsa-miR-885-3p	1114																																	
hsa-miR-885-5p	27178					20	30	73						17	52				35	1		31			46	103	70			57	30	1	7	18
hsa-miR-887-3p	387																																	
hsa-miR-887-5p	44																										10							
hsa-miR-888-5p	48		521	23			154	47	51		68		140	844	275	18	158	1	159	14	63	432			37	62		83			113	9	112	76
hsa-miR-889-3p	7621			47												10	26		17			1												
hsa-miR-889-5p	72																																	
hsa-miR-890														33	4																			
hsa-miR-891a-5p	119		1103	75		71	551	452	166	89	53		453	2335	933	101	337	23	724	55	45	1001	8	14	183	140	116	26		50	308	10	517	255
hsa-miR-891b							5	20							21				20															
hsa-miR-892a	14						35							135	35							27					14						25	21
hsa-miR-892b	19													23	8																			
hsa-miR-892c-3p														9																				
hsa-miR-9-3p	523074	59	42	45		315	893	691	87	24	6	69	173	698	720	141	652	51	693	191	1	639		13	110	251	201	4	2	4	245	23	129	23
hsa-miR-9-5p	3115240	662	895	423	74	1473	6130	3667	781	263	299	439	1034	4319	4165	747	3829	1275	3888	779	90	2829	80	96	765	1291	1665	339	7	132	1316	81	1530	303
hsa-miR-92a-1-5p	51		37	62			46			30			55	68	24	4	24	26		85		62	3										35	23
hsa-miR-92a-2-5p							8						5																	15				
hsa-miR-92a-3p	201625	5452	17225	13108	1860	12612	28790	63387	6923	7140	6751	3234	16651	58418	30309	10831	34054	17807	47455	23721	3209	29989	1180	1362	10943	15732	21085	7921	73	10507	10696	629	19055	4421
hsa-miR-92b-3p	67976	328	1118	1043	103	764	2066	3168	454	267	663	269	498	4635	2123	954	3154	1136	3513	1286	156	2415	46	28	818	1082	1347	582	11	111	825	17	1386	244
hsa-miR-92b-5p	484			47		38	34	45					39	33	52	6	22		19			31			134		61	71						
hsa-miR-93-3p	267		53			9	130	95			48	13	14	53	41	7	20		23			56		7		27	11					1		24
hsa-miR-93-5p	30534	166	723	462	171	479	2558	2603	435	368	452	352	851	2686	2244	1128	2689	992	2863	1028	98	2881	317	93	897	1095	957	340		129	646	45	699	408
hsa-miR-934		17		26		39	55	133	18	28	100	49	36	178	79	77	142	18	270	109		236					79				28		45	38
hsa-miR-935	2054																																	
hsa-miR-937-3p	249			25		25	27							13			17	22		33		23					7							
hsa-miR-939-5p																											20							
hsa-miR-940	446		64				29	24														8												
hsa-miR-941	248	10					15	45						57	68	29		44		73			4		91	32	28						11	
hsa-miR-942-5p	238	16	39	22			33	7			27	22	22	42	23		68		44			45	12		42		19	11						19
hsa-miR-943															13																			
hsa-miR-944		19			2			119			41	44					26										19							51
hsa-miR-95-3p	47371	33	553	493	51	366	946	1387	105	158	464	235	258	806	186	468	463	695	127	639	398	1084		126	283	163	284	282	5		366	11	245	16
hsa-miR-96-5p			40	17		20	36	56	64	20			113	275	99	18	53		54	120		79					5	51		39	61		46	10
hsa-miR-98-3p	951	38	135	37	19	31	256	187	39	56			53	149	152	94	34	31	175	37		260			31		32				5		10	
hsa-miR-98-5p	212884	720	3360	3157	220	1761	6860	8247	817	1230	1659	505	2543	7869	6676	3218	4917	1880	4419	2007	620	6950	180	158	1352	1781	2021	569	16	271	1498	148	2328	519
hsa-miR-9899							24																											
hsa-miR-9901	18																					16							2					
hsa-miR-9903	61																																	
hsa-miR-9983-3p	32																																	
hsa-miR-9985	1564	14	6	22	23	51	121	161	52	4	2	2	55	49	89	70	7	63	72	10	87	98	16	31		26	5	1		34	4		27	4
hsa-miR-99a-3p	37		47				12						23			3																		
hsa-miR-99a-5p	111430	1519	8998	2795	601	3544	22485	12368	2700	1687	1764	1526	5836	18105	14391	3270	11842	5098	10611	8678	853	9311	283	236	3501	5198	5581	2184	37	962	3250	248	4702	3244
hsa-miR-99b-3p	5631	71	145	275	14	72	575	435	66	96	134	88	157	507	572	72	378	36	652	353	30	271	12	10	137	290	263	206			162		210	191
hsa-miR-99b-5p	170905	3587	9945	8229	563	8361	19763	34112	4331	3530	5546	1671	8293	35684	29980	8338	20927	9208	25777	12126	1505	22868	512	559	7511	11394	13966	4024	48	888	6428	407	9723	4587

