name	unique reads 32150698_EXO_S12	32150698_EXO_S12	32150698_EXO_S12 (mult. map. adj.)	PM32150698_EXO_S12(lib)	32150698_EXO_S12 (total)	coordinateString 32150698_EXO_S12	32150698_EXO_S12 (lib)	32150698_EXO_S12 (total)
hsa-miR-30a-5p	551	133243	133075	113873.76	19002.44	6:hsa;hsa-mir-30a,71403556,71403577,-	113730.17894288835	18978.477985250767
hsa-let-7a-5p	328	106682	35931.37	91173.87	15214.44	11:hsa;hsa-let-7a-2,122146526,122146547,-	30708.102653861028	5124.348309324143
hsa-let-7a-5p	328	106568	35754.2	91076.44	15198.18	9:hsa;hsa-let-7a-1,94175962,94175983,+	30556.690317188364	5099.081702650812
hsa-let-7a-5p	323	106324	35539.7	90867.91	15163.39	22:hsa;hsa-let-7a-3,46112752,46112773,+	30373.371712016473	5068.490806330418
hsa-let-7b-5p	554	93471	93240.5	79883.33	13330.36	22:hsa;hsa-let-7b,46113691,46113712,+	79686.33289291288	13297.484700986466
hsa-miR-26a-5p	317	89668	44871.33	76633.16	12787.99	12:hsa;hsa-mir-26a-2,57824622,57824643,-	38348.48596209649	6399.320772763596
hsa-miR-26a-5p	315	89607	44810.33	76581.03	12779.29	3:hsa;hsa-mir-26a-1,37969413,37969434,+	38296.35339838794	6390.621263786701
hsa-miR-10b-5p	398	84076	84009	71854.06	11990.49	2:hsa;hsa-mir-10b,176150329,176150351,+	71796.79581298596	11980.935239999486
hsa-miR-10a-5p	466	80950	80883	69182.48	11544.68	17:hsa;hsa-mir-10a,48579859,48579881,-	69125.21558097041	11535.121058658935
hsa-miR-30d-5p	429	68421	68285	58474.79	9757.85	8:hsa;hsa-mir-30d,134804881,134804902,-	58358.55922686554	9738.458532578235
hsa-miR-30c-5p	280	42757	21397.5	36541.51	6097.79	1:hsa;hsa-mir-30c-1,40757300,40757322,+	18286.99232711218	3051.602349723113
hsa-miR-30c-5p	277	42719	21359.5	36509.03	6092.37	6:hsa;hsa-mir-30c-2,71376966,71376988,-	18254.516303818327	3046.182983475211
hsa-let-7f-5p	205	41472	21190.53	35443.31	5914.53	X:hsa;hsa-let-7f-2,53557199,53557220,-	18110.1119511196	3022.085818992217
hsa-let-7f-5p	190	40777	20496.03	34849.34	5815.41	9:hsa;hsa-let-7f-1,94176353,94176374,+	17516.5698938148	2923.039770066749
hsa-miR-125a-5p	308	39100	39100	33416.12	5576.24	19:hsa;hsa-mir-125a,51693268,51693291,+	33416.118704992936	5576.242639288408
hsa-miR-204-5p	236	26426	26424	22584.51	3768.74	9:hsa;hsa-mir-204,70810007,70810028,-	22582.801039916452	3768.4561509093837
hsa-miR-200c-3p	225	25665	25663.5	21934.14	3660.21	12:hsa;hsa-mir-200c,6963742,6963764,+	21932.85325794338	3659.997518500718
hsa-miR-21-5p	166	21046	21046	17986.59	3001.47	17:hsa;hsa-mir-21,59841273,59841294,+	17986.58911164402	3001.4732119300215
hsa-miR-200b-3p	260	20774	20772.5	17754.13	2962.68	1:hsa;hsa-mir-200b,1167160,1167181,+	17752.84720714746	2962.468036435255
hsa-miR-26b-5p	130	18584	18581.33	15882.48	2650.36	2:hsa;hsa-mir-26b,218402657,218402677,+	15880.205635900476	2649.975018623129
hsa-miR-92a-3p	218	17478	9309	14937.26	2492.62	13:hsa;hsa-mir-92a-1,91351361,91351382,+	7955.771074802537	1327.602115834675
hsa-miR-92a-3p	196	16413	8244	14027.08	2340.74	X:hsa;hsa-mir-92a-2,134169585,134169606,-	7045.587790382653	1175.7172459921646
hsa-miR-320a-3p	211	15783	15693.51	13488.66	2250.89	8:hsa;hsa-mir-320a,22245007,22245028,-	13412.178443620365	2238.1283111699595
hsa-let-7c-5p	159	15180	14797.17	12973.32	2164.89	21:hsa;hsa-let-7c,16539838,16539859,+	12646.134982887417	2110.296463102911
hsa-let-7e-5p	157	14443	14320.25	12343.45	2059.79	19:hsa;hsa-let-7e,51692793,51692814,+	12238.54664667967	2042.281039776722
hsa-miR-30a-3p	181	14294	14291	12216.11	2038.54	6:hsa;hsa-mir-30a,71403597,71403618,-	12213.54865506532	2038.1095539148503
hsa-let-7g-5p	117	13057	13002.92	11158.93	1862.12	3:hsa;hsa-let-7g,52268282,52268303,-	11112.711172492693	1854.4096765161266
hsa-miR-23b-3p	148	9806	9803.5	8380.52	1398.48	9:hsa;hsa-mir-23b,95085265,95085287,+	8378.386693718625	1398.1251845080285
hsa-miR-27b-3p	123	8906	8792.83	7611.35	1270.13	9:hsa;hsa-mir-27b,95085505,95085525,+	7514.638425061007	1253.9890576340094
hsa-miR-191-5p	99	8343	8343	7130.2	1189.84	3:hsa;hsa-mir-191,49020633,49020655,-	7130.196377385065	1189.8361212169614
hsa-miR-99b-5p	114	8315	8315	7106.27	1185.84	19:hsa;hsa-mir-99b,51692618,51692639,+	7106.266676010646	1185.8429039816654
hsa-miR-30e-5p	129	7705	7628	6584.94	1098.85	1:hsa;hsa-mir-30e,40754371,40754392,+	6519.134360145425	1087.8664668156516
hsa-miR-23a-3p	96	6289	6287.5	5374.78	896.91	19:hsa;hsa-mir-23a,13836631,13836651,-	5373.499906845092	896.6911916758535
hsa-let-7d-5p	93	6246	6124.78	5338.03	890.77	9:hsa;hsa-let-7d,94178841,94178862,+	5234.437005346009	873.4853703257371
hsa-miR-221-3p	107	6037	6037	5159.41	860.97	X:hsa;hsa-mir-221,45746221,45746243,-	5159.414542763231	860.9661589100799
hsa-miR-203a-3p	84	5438	5438	4647.49	775.54	14:hsa;hsa-mir-203a,104117469,104117490,+	4647.489859789042	775.5398330549966
hsa-miR-200a-3p	85	5199	5199	4443.23	741.45	1:hsa;hsa-mir-200a,1167916,1167937,+	4443.232765914533	741.4548716537196
hsa-miR-222-3p	85	4698	4698	4015.06	670	X:hsa;hsa-mir-222,45747083,45747103,-	4015.0620377508135	670.0048061221725
hsa-miR-125b-5p	83	4435	2217.5	3790.29	632.5	11:hsa;hsa-mir-125b-1,122099771,122099792,-	1895.1468856348295	316.24854354532084
hsa-miR-125b-5p	83	4435	2217.5	3790.29	632.5	21:hsa;hsa-mir-125b-2,16590253,16590274,+	1895.1468856348295	316.24854354532084
hsa-miR-103a-3p	55	4276	2081	3654.41	609.82	20:hsa;hsa-mir-103a-2,3917541,3917563,+	1778.4895914345343	296.78160952325265
hsa-miR-103a-3p	55	4276	2081	3654.41	609.82	5:hsa;hsa-mir-103a-1,168560943,168560965,-	1778.4895914345343	296.78160952325265
hsa-miR-99a-5p	68	3812	3811.5	3257.86	543.65	21:hsa;hsa-mir-99a,16539101,16539122,+	3257.4305995928535	543.5766961546744
hsa-miR-151a-5p	26	3798	3769	3245.89	541.65	8:hsa;hsa-mir-151a,140732574,140732594,-	3221.108731435252	537.5155628511001
hsa-miR-423-5p	68	3650	3650	3119.41	520.54	17:hsa;hsa-mir-423,30117095,30117117,+	3119.4075005939694	520.5443896010919
hsa-miR-29a-3p	61	2701	2698.33	2308.36	385.2	7:hsa;hsa-mir-29a,130876788,130876809,-	2306.0825312610214	384.82254190144647
hsa-miR-429	32	2660	2660	2273.32	379.36	1:hsa;hsa-mir-429,1169055,1169076,+	2273.3216305698515	379.35563735312445
hsa-miR-148a-3p	53	2635	2634.5	2251.96	375.79	7:hsa;hsa-mir-148a,25949962,25949983,-	2251.528509675291	375.71895737097987
hsa-miR-192-5p	48	2607	2607	2228.03	371.8	11:hsa;hsa-mir-192,64891160,64891180,-	2228.0261243968434	371.7970475863141
hsa-miR-194-5p	43	2445	1851.5	2089.58	348.69	11:hsa;hsa-mir-194-2,64891369,64891390,-	1582.351503383489	264.0514896839511
hsa-let-7d-3p	52	2413	2413	2062.23	344.13	9:hsa;hsa-let-7d,94178895,94178916,+	2062.2274791597943	344.1297567417629
hsa-miR-181a-5p	49	2293	1146.5	1959.67	327.02	9:hsa;hsa-mir-181a-2,124692480,124692502,+	979.8358080632838	163.50798429524707
hsa-miR-181a-5p	49	2293	1146.5	1959.67	327.02	1:hsa;hsa-mir-181a-1,198859067,198859089,-	979.8358080632838	163.50798429524707
hsa-miR-101-3p	52	2275	1159	1944.29	324.45	9:hsa;hsa-mir-101-2,4850345,4850365,+	990.5187104625783	165.29067056100422
hsa-miR-101-3p	50	2232	1116	1907.54	318.32	1:hsa;hsa-mir-101-1,65058480,65058500,-	953.7695262090054	159.1582298067996
hsa-miR-98-5p	45	2200	2179.55	1880.19	313.75	X:hsa;hsa-mir-98,53556244,53556265,-	1862.7135939505717	310.83630804248213
hsa-miR-30b-5p	42	2180	2180	1863.1	310.9	8:hsa;hsa-mir-30b,134800536,134800557,-	1863.0981784369462	310.9004847480494
hsa-miR-151a-3p	50	2098	2098	1793.02	299.21	8:hsa;hsa-mir-151a,140732610,140732630,-	1793.0183386975748	299.2060628446824
hsa-let-7i-5p	31	2083	2080.5	1780.2	297.07	12:hsa;hsa-let-7i,62603691,62603712,+	1778.0622753385626	296.71030207262237
hsa-miR-182-5p	35	1965	1965	1679.35	280.24	7:hsa;hsa-mir-182,129770405,129770428,-	1679.3522571690821	280.23828097702614
hsa-miR-93-5p	36	1858	1858	1587.91	264.98	7:hsa;hsa-mir-93,100093778,100093800,-	1587.906612631122	264.9784865421448
hsa-miR-423-3p	43	1795	1795	1534.06	255.99	17:hsa;hsa-mir-423,30117131,30117153,+	1534.0647845386782	255.99374776272873
hsa-miR-25-3p	37	1755	1755	1499.88	250.29	7:hsa;hsa-mir-25,100093611,100093632,-	1499.879496860936	250.2891517123058
hsa-miR-30e-3p	45	1744	1741	1490.48	248.72	1:hsa;hsa-mir-30e,40754413,40754434,+	1487.9146461737262	248.2925430946578
hsa-miR-205-5p	45	1674	1674	1430.65	238.74	1:hsa;hsa-mir-205,209432166,209432187,+	1430.6542893135081	238.73734471019938
hsa-miR-100-5p	39	1551	1550.5	1325.53	221.2	11:hsa;hsa-mir-100,122152241,122152262,-	1325.1072136084795	221.1244044045186
hsa-miR-196a-5p	28	1453	932.17	1241.78	207.22	12:hsa;hsa-mir-196a-2,53991762,53991783,+	796.659641590049	132.94085712506424
hsa-miR-92b-3p	40	1342	1342	1146.92	191.39	1:hsa;hsa-mir-92b,155195237,155195258,+	1146.9164015882484	191.38919749168912
hsa-miR-24-3p	35	1326	663	1133.24	189.11	19:hsa;hsa-mir-24-2,13836336,13836357,-	566.6211432585758	94.55367953575997
hsa-miR-24-3p	35	1326	663	1133.24	189.11	9:hsa;hsa-mir-24-1,95086064,95086085,+	566.6211432585758	94.55367953575997
hsa-miR-378a-3p	21	1309	1308.5	1118.71	186.68	5:hsa;hsa-mir-378a,149732867,149732888,+	1118.2862231581394	186.6115982994599
hsa-miR-31-5p	26	1214	1214	1037.52	173.13	9:hsa;hsa-mir-31,21512122,21512142,-	1037.5234810194736	173.13449013033576
hsa-miR-194-5p	27	1187	593.5	1014.45	169.28	1:hsa;hsa-mir-194-1,220118171,220118192,-	507.22420591849885	84.64194389815015
hsa-miR-532-5p	21	1128	1128	964.03	160.87	X:hsa;hsa-mir-532,50003167,50003188,+	964.0251125123281	160.86960862192646
hsa-miR-342-3p	32	1107	1107	946.08	157.87	14:hsa;hsa-mir-342,100109715,100109737,+	946.0778364815135	157.87469569545442
hsa-miR-9-5p	23	1077	359	920.44	153.6	1:hsa;hsa-mir-9-1,156420356,156420378,-	306.81295690773544	51.19874955254571
hsa-miR-9-5p	23	1077	359	920.44	153.6	15:hsa;hsa-mir-9-3,89368032,89368054,+	306.81295690773544	51.19874955254571
hsa-miR-9-5p	23	1077	359	920.44	153.6	5:hsa;hsa-mir-9-2,88666868,88666890,-	306.81295690773544	51.19874955254571
hsa-miR-196a-5p	20	1041	520.17	889.67	148.46	17:hsa;hsa-mir-196a-1,48632496,48632517,-	444.55117850930503	74.18351780570812
hsa-miR-186-5p	17	984	984	840.96	140.33	1:hsa;hsa-mir-186,71067645,71067666,-	840.9580768724564	140.33306284040393
hsa-miR-28-3p	14	951	951	812.76	135.63	3:hsa;hsa-mir-28,188688834,188688855,+	812.7552145383191	135.62677109880502
hsa-miR-501-3p	23	931	929.83	795.66	132.77	X:hsa;hsa-mir-501,50009772,50009793,+	794.6654998088474	132.6080890221229
hsa-miR-200b-5p	19	921	921	787.12	131.35	1:hsa;hsa-mir-200b,1167124,1167145,+	787.1162487800126	131.34832406098784
hsa-miR-27a-3p	27	915	802.83	781.99	130.49	19:hsa;hsa-mir-27a,13836490,13836510,-	686.1272114320161	114.49599656203011
hsa-miR-183-5p	21	894	894	764.04	127.5	7:hsa;hsa-mir-183,129774931,129774952,-	764.0411795975366	127.49772172695236
hsa-miR-128-3p	29	886	567.5	757.2	126.36	2:hsa;hsa-mir-128-1,135665446,135665466,+	485.00376892796646	80.93395646537525
hsa-miR-660-5p	19	860	860	734.98	122.65	X:hsa;hsa-mir-660,50013256,50013277,+	734.9836850714559	122.64881508409287
hsa-miR-128-3p	25	799	480.5	682.85	113.95	3:hsa;hsa-mir-128-2,35744527,35744547,+	410.6507682288773	68.52646005570539
hsa-miR-361-5p	18	791	791	676.01	112.81	X:hsa;hsa-mir-361,85903641,85903662,-	676.0140638273507	112.80838689711332
hsa-miR-224-5p	24	748	748	639.26	106.68	X:hsa;hsa-mir-224,151958584,151958608,-	639.2648795737779	106.67594614290869
hsa-miR-16-5p	13	701	372.5	599.1	99.97	13:hsa;hsa-mir-16-1,50048986,50049007,-	318.3504914989736	53.124050719563485
hsa-miR-10a-3p	13	696	696	594.82	99.26	17:hsa;hsa-mir-10a,48579900,48579921,-	594.8240055927131	99.25997127735889
hsa-miR-1260b	2	695	442	593.97	99.12	11:hsa;hsa-mir-1260b,96341447,96341465,+	377.74742883905054	63.035786357173315
hsa-miR-16-5p	12	678	349.5	579.44	96.69	3:hsa;hsa-mir-16-2,160404754,160404775,+	298.6939510842719	49.8439079905703
hsa-miR-664a-3p	15	674	674	576.02	96.12	1:hsa;hsa-mir-664a,220200586,220200608,-	576.022097369955	96.12244344962627
hsa-miR-140-3p	23	673	673	575.17	95.98	16:hsa;hsa-mir-140,69933142,69933162,+	575.1674651780114	95.9798285483657
hsa-miR-500a-3p	20	673	605.33	575.17	95.98	X:hsa;hsa-mir-500a,50008482,50008503,+	517.3373535231642	86.32955356306691
hsa-miR-652-3p	13	642	642	548.67	91.56	X:hsa;hsa-mir-652,110055389,110055409,+	548.6738672277612	91.55876660928793
hsa-miR-505-3p	16	637	637	544.4	90.85	X:hsa;hsa-mir-505,139924198,139924219,-	544.4007062680435	90.84569210298507
hsa-miR-1260a	3	631	378	539.27	89.99	14:hsa;hsa-mir-1260a,77266231,77266248,+	323.05096855466314	53.90843267649664
hsa-miR-197-3p	14	597	597	510.22	85.14	1:hsa;hsa-mir-197,109598940,109598961,+	510.2154185903013	85.14109605256215
hsa-miR-141-3p	16	583	583	498.25	83.14	12:hsa;hsa-mir-141,6964155,6964176,+	498.25056790309156	83.14448743491413
hsa-miR-135b-5p	16	568	567.33	485.43	81.01	1:hsa;hsa-mir-135b,205448317,205448339,-	484.86133022930915	80.91018731516513
hsa-miR-28-5p	9	565	565	482.87	80.58	3:hsa;hsa-mir-28,188688794,188688815,+	482.8671884481076	80.5774192122238
hsa-miR-484	17	559	559	477.74	79.72	16:hsa;hsa-mir-484,15643301,15643322,+	477.7393952964463	79.72172980466037
hsa-miR-10b-3p	14	549	549	469.19	78.3	2:hsa;hsa-mir-10b,176150368,176150389,+	469.19307337701076	78.29558079205464
hsa-miR-29c-3p	15	534	532	456.37	76.16	1:hsa;hsa-mir-29c,207801905,207801926,-	454.66432611397033	75.8711274706249
hsa-miR-22-3p	7	532	532	454.66	75.87	17:hsa;hsa-mir-22,1713955,1713976,-	454.66432611397033	75.8711274706249
hsa-miR-502-3p	17	515	447.33	440.14	73.45	X:hsa;hsa-mir-502,50014649,50014670,+	382.3054671960828	63.79639916389637
hsa-miR-107	18	514	286	439.28	73.3	10:hsa;hsa-mir-107,89592796,89592818,-	244.42480689585608	40.78786176052388
hsa-miR-20a-5p	8	499	498.5	426.46	71.16	13:hsa;hsa-mir-20a,91351072,91351094,+	426.0341476838613	71.0935282783957
hsa-miR-362-5p	21	476	476	406.8	67.88	X:hsa;hsa-mir-362,50008968,50008991,+	406.80492336513134	67.8846930000328
hsa-miR-30c-2-3p	8	476	476	406.8	67.88	6:hsa;hsa-mir-30c-2,71377006,71377027,-	406.80492336513134	67.8846930000328
hsa-miR-146b-5p	12	475	475	405.95	67.74	10:hsa;hsa-mir-146b,102436520,102436542,+	405.9502911731878	67.74207809877223
hsa-miR-149-5p	6	473	473	404.24	67.46	2:hsa;hsa-mir-149,240456015,240456037,+	404.2410267893007	67.45684829625108
hsa-miR-223-3p	12	451	451	385.44	64.32	X:hsa;hsa-mir-223,66018937,66018958,+	385.4391185665425	64.31932046851847
hsa-miR-196b-5p	15	433	431.67	370.06	61.75	7:hsa;hsa-mir-196b,27169494,27169515,-	368.91622952230045	61.56209904414739
hsa-miR-95-3p	7	416	416	355.53	59.33	4:hsa;hsa-mir-95,8005349,8005370,-	355.52699184851815	59.327798924398415
hsa-miR-125b-2-3p	10	402	402	343.56	57.33	21:hsa;hsa-mir-125b-2,16590290,16590311,+	343.56214116130843	57.331190306750386
hsa-miR-574-3p	9	397	397	339.29	56.62	4:hsa;hsa-mir-574,38868092,38868113,+	339.2889802015907	56.61811580044753
hsa-miR-345-5p	7	394	394	336.73	56.19	14:hsa;hsa-mir-345,100307876,100307897,+	336.72508362575996	56.1902710966658
hsa-miR-181b-5p	11	394	196.83	336.73	56.19	1:hsa;hsa-mir-181b-1,198858908,198858930,-	168.22010311422275	28.07136639812281
hsa-miR-181b-5p	11	394	196.83	336.73	56.19	9:hsa;hsa-mir-181b-2,124693725,124693747,+	168.22010311422275	28.07136639812281
hsa-miR-99b-3p	21	389	389	332.45	55.48	19:hsa;hsa-mir-99b,51692656,51692677,+	332.4519226660422	55.47719659036294
hsa-miR-152-3p	12	386	386	329.89	55.05	17:hsa;hsa-mir-152,48037214,48037234,-	329.88802609021155	55.04935188658122
hsa-miR-486-5p	23	382	192.5	326.47	54.48	8:hsa;hsa-mir-486-1,41660444,41660465,-	164.516696949134	27.453368492660324
hsa-miR-486-5p	21	380	190.5	324.76	54.19	8:hsa;hsa-mir-486-2,41660444,41660465,+	162.8074325652469	27.168138690139177
hsa-miR-328-3p	18	372	372	317.92	53.05	16:hsa;hsa-mir-328,67202368,67202389,-	317.92317540300184	53.0527432689332
hsa-miR-15b-5p	14	352	352	300.83	50.2	3:hsa;hsa-mir-15b,160404607,160404628,+	300.83053156413075	50.20044524372173
hsa-miR-204-3p	9	345	345	294.85	49.2	9:hsa;hsa-mir-204,70810046,70810066,-	294.8481062205259	49.20214093489772
hsa-miR-374a-5p	11	343	341.5	293.14	48.92	X:hsa;hsa-mir-374a,74287297,74287318,-	291.85689354872346	48.70298878048572
hsa-miR-374b-5p	12	330	328.5	282.03	47.06	X:hsa;hsa-mir-374b,74218557,74218578,-	280.74667505345724	46.84899506409827
hsa-miR-584-5p	3	309	309	264.08	44.07	5:hsa;hsa-mir-584,149062328,149062349,-	264.081347310558	44.068004489517094
hsa-miR-193a-5p	11	295	295	252.12	42.07	17:hsa;hsa-mir-193a,31560016,31560037,+	252.1164966233482	42.071395871869065
hsa-miR-361-3p	8	289	289	246.99	41.22	X:hsa;hsa-mir-361,85903680,85903702,-	246.9887034716869	41.215706464305626
hsa-miR-320b	20	286	104.09	244.42	40.79	1:hsa;hsa-mir-320b-1,116671787,116671808,+	88.96110666566713	14.84519254335951
hsa-miR-320b	20	286	104.09	244.42	40.79	1:hsa;hsa-mir-320b-2,224257080,224257101,-	88.96110666566713	14.84519254335951
hsa-miR-874-3p	9	276	276	235.88	39.36	5:hsa;hsa-mir-874,137647618,137647639,-	235.8784849764207	39.361712747918176
hsa-miR-335-5p	7	262	262	223.91	37.37	7:hsa;hsa-mir-335,130496126,130496148,+	223.91363428921096	37.365104130270154
hsa-miR-424-3p	5	257	257	219.64	36.65	X:hsa;hsa-mir-424,134546661,134546681,-	219.6404733294932	36.65202962396729
hsa-miR-200a-5p	7	256	256	218.79	36.51	1:hsa;hsa-mir-200a,1167878,1167899,+	218.78584113754965	36.509414722706715
hsa-miR-135a-5p	12	256	127.83	218.79	36.51	3:hsa;hsa-mir-135a-1,52294235,52294257,-	109.25048187011755	18.23093821114326
hsa-miR-135a-5p	12	256	127.83	218.79	36.51	12:hsa;hsa-mir-135a-2,97563834,97563856,+	109.25048187011755	18.23093821114326
hsa-miR-339-5p	9	252	252	215.37	35.94	7:hsa;hsa-mir-339,1022947,1022969,-	215.36731236977542	35.93895511766442
hsa-miR-455-3p	9	242	242	206.82	34.51	9:hsa;hsa-mir-455,114209487,114209507,+	206.8209904503399	34.512806105058694
hsa-let-7b-3p	6	234	234	199.98	33.37	22:hsa;hsa-let-7b,46113745,46113766,+	199.98393291479147	33.37188689497411
hsa-miR-320c	13	218	74.93	186.31	31.09	18:hsa;hsa-mir-320c-2,24321716,24321735,+	64.03433440064686	10.685591256592799
hsa-miR-148b-3p	9	216	215.5	184.6	30.8	12:hsa;hsa-mir-148b,54337278,54337299,+	184.17323736383574	30.733511221653504
hsa-miR-320c	10	212	69.09	181.18	30.23	18:hsa;hsa-mir-320c-1,21683559,21683578,+	59.048979947642806	9.853670999239457
hsa-miR-942-5p	5	206	206	176.05	29.38	1:hsa;hsa-mir-942,117094655,117094676,+	176.05423154037197	29.37866965967806
hsa-miR-1180-3p	12	205	205	175.2	29.24	17:hsa;hsa-mir-1180,19344546,19344567,-	175.19959934842842	29.236054758417488
hsa-miR-106b-3p	7	204	204	174.34	29.09	7:hsa;hsa-mir-106b,100094044,100094065,-	174.34496715648487	29.093439857156913
hsa-miR-532-3p	6	202	202	172.64	28.81	X:hsa;hsa-mir-532,50003204,50003225,+	172.63570277259777	28.80821005463577
hsa-let-7a-3p	6	194	97	165.8	27.67	22:hsa;hsa-let-7a-3,46112800,46112820,+	82.89932261852466	13.833645422275591
hsa-let-7a-3p	6	194	97	165.8	27.67	9:hsa;hsa-let-7a-1,94176013,94176033,+	82.89932261852466	13.833645422275591
hsa-miR-9-3p	7	192	64	164.09	27.38	1:hsa;hsa-mir-9-1,156420395,156420416,-	54.69646028438741	9.127353680676679
hsa-miR-9-3p	7	192	64	164.09	27.38	15:hsa;hsa-mir-9-3,89368071,89368092,+	54.69646028438741	9.127353680676679
hsa-miR-9-3p	7	192	64	164.09	27.38	5:hsa;hsa-mir-9-2,88666905,88666926,-	54.69646028438741	9.127353680676679
hsa-miR-615-3p	7	189	189	161.53	26.95	12:hsa;hsa-mir-615,54034010,54034031,+	161.52548427733157	26.95421633824832
hsa-miR-2110	10	187	187	159.82	26.67	10:hsa;hsa-mir-2110,114174112,114174133,-	159.81621989344447	26.66898653572717
hsa-miR-16-2-3p	4	179	179	152.98	25.53	3:hsa;hsa-mir-16-2,160404797,160404818,+	152.97916235789603	25.528067325642585
hsa-miR-3065-5p	6	174	174	148.71	24.81	17:hsa;hsa-mir-3065,81125886,81125908,+	148.70600139817827	24.81499281933972
hsa-miR-375-3p	5	174	174	148.71	24.81	2:hsa;hsa-mir-375,219001684,219001705,-	148.70600139817827	24.81499281933972
hsa-miR-125a-3p	10	163	163	139.31	23.25	19:hsa;hsa-mir-125a,51693306,51693327,+	139.30504728679918	23.246228905473416
hsa-miR-425-5p	8	158	158	135.03	22.53	3:hsa;hsa-mir-425,49020161,49020183,-	135.03188632708142	22.533154399170552
hsa-miR-363-3p	5	154	154	131.61	21.96	X:hsa;hsa-mir-363,134169427,134169448,-	131.61335755930722	21.962694794128257
hsa-miR-218-5p	5	152	76	129.9	21.68	4:hsa;hsa-mir-218-1,20528299,20528319,+	64.95204658771004	10.838732495803557
hsa-miR-218-5p	5	152	76	129.9	21.68	5:hsa;hsa-mir-218-2,168768170,168768190,-	64.95204658771004	10.838732495803557
hsa-miR-501-5p	7	150	150	128.19	21.39	X:hsa;hsa-mir-501,50009735,50009756,+	128.19482879153298	21.392235189085966
hsa-miR-29b-3p	5	150	74.83	128.19	21.39	7:hsa;hsa-mir-29b-1,130877509,130877531,-	63.954975697109234	10.672348444332886
hsa-miR-29b-3p	5	150	74.83	128.19	21.39	1:hsa;hsa-mir-29b-2,207802494,207802516,-	63.954975697109234	10.672348444332886
hsa-miR-514a-3p	5	146	29.17	124.78	20.82	X:hsa;hsa-mir-514a-3,147284694,147284714,-	24.926772265020304	4.159601286766716
hsa-miR-514a-3p	5	146	29.17	124.78	20.82	X:hsa;hsa-mir-514a-1,147279305,147279325,-	24.926772265020304	4.159601286766716
hsa-miR-514a-3p	5	146	29.17	124.78	20.82	X:hsa;hsa-mir-514a-2,147284694,147284714,-	24.926772265020304	4.159601286766716
hsa-miR-19b-3p	4	146	73	124.78	20.82	13:hsa;hsa-mir-19b-1,91351245,91351267,+	62.38815001187939	10.410887792021837
hsa-miR-514a-3p	5	146	29.17	124.78	20.82	X:hsa;hsa-mir-514a-2,147281996,147282016,-	24.926772265020304	4.159601286766716
hsa-miR-19b-3p	4	146	73	124.78	20.82	X:hsa;hsa-mir-19b-2,134169732,134169754,-	62.38815001187939	10.410887792021837
hsa-miR-514a-3p	5	146	29.17	124.78	20.82	X:hsa;hsa-mir-514a-3,147281996,147282016,-	24.926772265020304	4.159601286766716
hsa-miR-1307-3p	8	145	145	123.92	20.68	10:hsa;hsa-mir-1307,103394332,103394353,-	123.92166783181523	20.679160682783102
hsa-miR-19a-3p	4	130	130	111.1	18.54	13:hsa;hsa-mir-19a,91350939,91350961,+	111.10218495266193	18.539937163874505
hsa-miR-146a-5p	7	129	129	110.25	18.4	5:hsa;hsa-mir-146a,160485372,160485393,+	110.24755276071838	18.39732226261393
hsa-miR-324-3p	7	124	124	105.97	17.68	17:hsa;hsa-mir-324,7223346,7223368,-	105.9743918010006	17.684247756311066
hsa-miR-1301-3p	4	124	124	105.97	17.68	2:hsa;hsa-mir-1301,25328687,25328710,-	105.9743918010006	17.684247756311066
hsa-miR-331-3p	2	116	116	99.14	16.54	12:hsa;hsa-mir-331,95308480,95308500,+	99.13733426545218	16.54332854622648
hsa-miR-29c-5p	5	115	115	98.28	16.4	1:hsa;hsa-mir-29c,207801867,207801888,-	98.28270207350863	16.400713644965908
hsa-miR-340-5p	6	114	114	97.43	16.26	5:hsa;hsa-mir-340,180015318,180015339,-	97.42806988156508	16.258098743705336
hsa-miR-132-3p	4	113	113	96.57	16.12	17:hsa;hsa-mir-132,2049966,2049987,-	96.57343768962151	16.11548384244476
hsa-miR-190a-5p	3	108	108	92.3	15.4	15:hsa;hsa-mir-190a,62823971,62823992,+	92.30027672990376	15.402409336141895
hsa-miR-339-3p	4	107	107	91.45	15.26	7:hsa;hsa-mir-339,1022982,1023004,-	91.4456445379602	15.259794434881323
hsa-miR-106b-5p	3	104	104	88.88	14.83	7:hsa;hsa-mir-106b,100094004,100094024,-	88.88174796212954	14.831949731099604
hsa-miR-503-5p	1	103	103	88.03	14.69	X:hsa;hsa-mir-503,134546333,134546355,-	88.02711577018599	14.68933482983903
hsa-miR-331-5p	2	103	103	88.03	14.69	12:hsa;hsa-mir-331,95308445,95308466,+	88.02711577018599	14.68933482983903
hsa-miR-216b-5p	3	101	101	86.32	14.4	2:hsa;hsa-mir-216b,56000724,56000745,-	86.31785138629888	14.404105027317884
hsa-miR-3127-5p	1	100	100	85.46	14.26	2:hsa;hsa-mir-3127,96798288,96798310,+	85.46321919435533	14.26149012605731
hsa-miR-29b-1-5p	7	98	98	83.75	13.98	7:hsa;hsa-mir-29b-1,130877468,130877491,-	83.75395481046822	13.976260323536165
hsa-miR-221-5p	2	96	96	82.04	13.69	X:hsa;hsa-mir-221,45746181,45746202,-	82.04469042658111	13.69103052101502
hsa-miR-365a-3p	3	93	46.5	79.48	13.26	16:hsa;hsa-mir-365a,14309340,14309361,+	39.74039692537523	6.63159290861665
hsa-miR-365b-3p	3	93	46.5	79.48	13.26	17:hsa;hsa-mir-365b,31575478,31575499,+	39.74039692537523	6.63159290861665
hsa-miR-34a-5p	4	86	86	73.5	12.26	1:hsa;hsa-mir-34a,9151689,9151710,-	73.49836850714559	12.264881508409287
hsa-miR-934	2	85	85	72.64	12.12	X:hsa;hsa-mir-934,136550892,136550913,+	72.64373631520203	12.122266607148715
hsa-miR-598-3p	5	84	84	71.79	11.98	8:hsa;hsa-mir-598,11035266,11035287,-	71.78910412325847	11.979651705888141
hsa-miR-664a-5p	5	84	84	71.79	11.98	1:hsa;hsa-mir-664a,220200548,220200571,-	71.78910412325847	11.979651705888141
hsa-miR-489-3p	2	81	81	69.23	11.55	7:hsa;hsa-mir-489,93483987,93484008,-	69.22520754742781	11.551807002106422
hsa-let-7e-3p	3	81	81	69.23	11.55	19:hsa;hsa-let-7e,51692838,51692859,+	69.22520754742781	11.551807002106422
hsa-miR-17-5p	2	75	75	64.1	10.7	13:hsa;hsa-mir-17,91350618,91350640,+	64.09741439576649	10.696117594542983
hsa-miR-1271-5p	1	75	75	64.1	10.7	5:hsa;hsa-mir-1271,176367960,176367981,+	64.09741439576649	10.696117594542983
hsa-miR-671-3p	1	74	74	63.24	10.55	7:hsa;hsa-mir-671,151238488,151238508,+	63.24278220382294	10.55350269328241
hsa-miR-1249-3p	3	74	74	63.24	10.55	22:hsa;hsa-mir-1249,45200994,45201015,-	63.24278220382294	10.55350269328241
hsa-miR-877-5p	2	74	74	63.24	10.55	6:hsa;hsa-mir-877,30584332,30584351,+	63.24278220382294	10.55350269328241
hsa-miR-26a-2-3p	1	68	68	58.11	9.7	12:hsa;hsa-mir-26a-2,57824660,57824681,-	58.114989052161626	9.697813285718972
hsa-miR-5100	1	67	67	57.26	9.56	10:hsa;hsa-mir-5100,42997630,42997651,+	57.26035686021807	9.555198384458398
hsa-miR-374a-3p	1	65	65	55.55	9.27	X:hsa;hsa-mir-374a,74287327,74287348,-	55.551092476330965	9.269968581937253
hsa-miR-185-5p	1	64	64	54.7	9.13	22:hsa;hsa-mir-185,20033153,20033174,+	54.69646028438741	9.127353680676679
hsa-miR-151b	6	63	34	53.84	8.98	14:hsa;hsa-mir-151b,100109478,100109495,-	29.057494526080813	4.848906642859486
hsa-miR-450b-5p	1	62	62	52.99	8.84	X:hsa;hsa-mir-450b,134540195,134540216,-	52.9871959005003	8.842123878155533
hsa-miR-1307-5p	3	62	62	52.99	8.84	10:hsa;hsa-mir-1307,103394293,103394313,-	52.9871959005003	8.842123878155533
hsa-miR-324-5p	2	60	60	51.28	8.56	17:hsa;hsa-mir-324,7223312,7223333,-	51.277931516613194	8.556894075634386
hsa-miR-92b-5p	5	60	60	51.28	8.56	1:hsa;hsa-mir-92b,155195196,155195217,+	51.277931516613194	8.556894075634386
hsa-miR-342-5p	1	59	59	50.42	8.41	14:hsa;hsa-mir-342,100109673,100109693,+	50.42329932466964	8.414279174373814
hsa-miR-135a-2-3p	2	59	59	50.42	8.41	12:hsa;hsa-mir-135a-2,97563872,97563893,+	50.42329932466964	8.414279174373814
hsa-miR-4728-5p	1	58	58	49.57	8.27	17:hsa;hsa-mir-4728,39726496,39726518,+	49.56866713272609	8.27166427311324
hsa-miR-210-3p	4	58	58	49.57	8.27	11:hsa;hsa-mir-210,568154,568175,-	49.56866713272609	8.27166427311324
hsa-miR-509-3p	2	56	14	47.86	7.99	X:hsa;hsa-mir-509-3,147259695,147259716,-	11.964850687209745	1.9966086176480236
hsa-miR-509-3p	2	56	14	47.86	7.99	X:hsa;hsa-mir-509-2,147260589,147260610,-	11.964850687209745	1.9966086176480236
hsa-miR-509-3p	2	56	14	47.86	7.99	X:hsa;hsa-mir-509-2,147258814,147258835,-	11.964850687209745	1.9966086176480236
hsa-miR-509-3p	2	56	14	47.86	7.99	X:hsa;hsa-mir-509-1,147260586,147260607,-	11.964850687209745	1.9966086176480236
hsa-miR-6724-5p	2	55	3.44	47	7.84	21:hsa;hsa-mir-6724-4,8205325,8205347,+	2.9377981598059644	0.4902387230832201
hsa-miR-6724-5p	2	55	3.44	47	7.84	21:hsa;hsa-mir-6724-4,8432540,8432562,+	2.9377981598059644	0.4902387230832201
hsa-miR-6724-5p	2	55	3.44	47	7.84	21:hsa;hsa-mir-6724-2,8432540,8432562,+	2.9377981598059644	0.4902387230832201
hsa-miR-181a-2-3p	3	55	55	47	7.84	9:hsa;hsa-mir-181a-2,124692518,124692539,+	47.00477055689543	7.843819569331521
hsa-miR-6724-5p	2	55	3.44	47	7.84	21:hsa;hsa-mir-6724-4,8249515,8249537,+	2.9377981598059644	0.4902387230832201
hsa-miR-6724-5p	2	55	3.44	47	7.84	21:hsa;hsa-mir-6724-1,8249515,8249537,+	2.9377981598059644	0.4902387230832201
hsa-miR-6724-5p	2	55	3.44	47	7.84	21:hsa;hsa-mir-6724-1,8388372,8388394,+	2.9377981598059644	0.4902387230832201
hsa-miR-6724-5p	2	55	3.44	47	7.84	21:hsa;hsa-mir-6724-3,8388372,8388394,+	2.9377981598059644	0.4902387230832201
hsa-miR-6724-5p	2	55	3.44	47	7.84	21:hsa;hsa-mir-6724-2,8249515,8249537,+	2.9377981598059644	0.4902387230832201
hsa-miR-6724-5p	2	55	3.44	47	7.84	21:hsa;hsa-mir-6724-1,8205325,8205347,+	2.9377981598059644	0.4902387230832201
hsa-miR-6724-5p	2	55	3.44	47	7.84	21:hsa;hsa-mir-6724-3,8205325,8205347,+	2.9377981598059644	0.4902387230832201
hsa-miR-6724-5p	2	55	3.44	47	7.84	21:hsa;hsa-mir-6724-3,8249515,8249537,+	2.9377981598059644	0.4902387230832201
hsa-miR-6724-5p	2	55	3.44	47	7.84	21:hsa;hsa-mir-6724-2,8388372,8388394,+	2.9377981598059644	0.4902387230832201
hsa-miR-6724-5p	2	55	3.44	47	7.84	21:hsa;hsa-mir-6724-4,8388372,8388394,+	2.9377981598059644	0.4902387230832201
hsa-miR-6724-5p	2	55	3.44	47	7.84	21:hsa;hsa-mir-6724-2,8205325,8205347,+	2.9377981598059644	0.4902387230832201
hsa-miR-6724-5p	2	55	3.44	47	7.84	21:hsa;hsa-mir-6724-3,8432540,8432562,+	2.9377981598059644	0.4902387230832201
hsa-miR-6724-5p	2	55	3.44	47	7.84	21:hsa;hsa-mir-6724-1,8432540,8432562,+	2.9377981598059644	0.4902387230832201
hsa-miR-15b-3p	5	54	54	46.15	7.7	3:hsa;hsa-mir-15b,160404645,160404666,+	46.15013836495188	7.701204668070948
hsa-miR-193b-3p	3	54	54	46.15	7.7	16:hsa;hsa-mir-193b,14304017,14304038,+	46.15013836495188	7.701204668070948
hsa-miR-6810-5p	2	53	53	45.3	7.56	2:hsa;hsa-mir-6810,218341916,218341938,+	45.29550617300832	7.558589766810375
hsa-miR-24-1-5p	1	52	52	44.44	7.42	9:hsa;hsa-mir-24-1,95086027,95086048,+	44.44087398106477	7.415974865549802
hsa-miR-1228-5p	1	52	52	44.44	7.42	12:hsa;hsa-mir-1228,57194504,57194524,+	44.44087398106477	7.415974865549802
hsa-miR-25-5p	2	50	50	42.73	7.13	7:hsa;hsa-mir-25,100093573,100093593,-	42.731609597177666	7.130745063028655
hsa-miR-425-3p	1	48	48	41.02	6.85	3:hsa;hsa-mir-425,49020202,49020223,-	41.022345213290556	6.84551526050751
hsa-miR-187-3p	4	48	48	41.02	6.85	18:hsa;hsa-mir-187,35904888,35904909,-	41.022345213290556	6.84551526050751
hsa-miR-188-5p	2	48	48	41.02	6.85	X:hsa;hsa-mir-188,50003517,50003537,+	41.022345213290556	6.84551526050751
hsa-miR-510-5p	1	48	48	41.02	6.85	X:hsa;hsa-mir-510,147272344,147272365,-	41.022345213290556	6.84551526050751
hsa-miR-513b-5p	2	48	48	41.02	6.85	X:hsa;hsa-mir-513b,147199057,147199078,-	41.022345213290556	6.84551526050751
hsa-miR-589-3p	1	46	46	39.31	6.56	7:hsa;hsa-mir-589,5495879,5495902,-	39.313080829403454	6.560285457986363
hsa-miR-421	2	46	46	39.31	6.56	X:hsa;hsa-mir-421,74218424,74218446,-	39.313080829403454	6.560285457986363
hsa-miR-26b-3p	2	45	45	38.46	6.42	2:hsa;hsa-mir-26b,218402692,218402712,+	38.458448637459895	6.41767055672579
hsa-miR-1306-5p	3	45	45	38.46	6.42	22:hsa;hsa-mir-1306,20086072,20086093,+	38.458448637459895	6.41767055672579
hsa-miR-3613-5p	2	45	45	38.46	6.42	13:hsa;hsa-mir-3613,49996430,49996451,-	38.458448637459895	6.41767055672579
hsa-miR-941	2	44	2.59	37.6	6.28	20:hsa;hsa-mir-941-2,63919914,63919936,+	2.2119892026774317	0.3691209209097186
hsa-miR-941	2	44	2.59	37.6	6.28	20:hsa;hsa-mir-941-2,63919551,63919573,+	2.2119892026774317	0.3691209209097186
hsa-miR-941	2	44	2.59	37.6	6.28	20:hsa;hsa-mir-941-3,63919802,63919824,+	2.2119892026774317	0.3691209209097186
hsa-miR-941	2	44	2.59	37.6	6.28	20:hsa;hsa-mir-941-3,63919607,63919629,+	2.2119892026774317	0.3691209209097186
hsa-miR-941	2	44	2.59	37.6	6.28	20:hsa;hsa-mir-941-4,63919914,63919936,+	2.2119892026774317	0.3691209209097186
hsa-miR-941	2	44	2.59	37.6	6.28	20:hsa;hsa-mir-941-4,63919551,63919573,+	2.2119892026774317	0.3691209209097186
hsa-miR-941	2	44	2.59	37.6	6.28	20:hsa;hsa-mir-941-5,63919914,63919936,+	2.2119892026774317	0.3691209209097186
hsa-miR-941	2	44	2.59	37.6	6.28	20:hsa;hsa-mir-941-2,63919802,63919824,+	2.2119892026774317	0.3691209209097186
hsa-miR-941	2	44	2.59	37.6	6.28	20:hsa;hsa-mir-941-4,63919607,63919629,+	2.2119892026774317	0.3691209209097186
hsa-miR-941	2	44	2.59	37.6	6.28	20:hsa;hsa-mir-941-3,63919914,63919936,+	2.2119892026774317	0.3691209209097186
hsa-miR-941	2	44	2.59	37.6	6.28	20:hsa;hsa-mir-941-3,63919551,63919573,+	2.2119892026774317	0.3691209209097186
hsa-miR-941	2	44	2.59	37.6	6.28	20:hsa;hsa-mir-941-1,63919495,63919517,+	2.2119892026774317	0.3691209209097186
hsa-miR-941	2	44	2.59	37.6	6.28	20:hsa;hsa-mir-941-5,63919802,63919824,+	2.2119892026774317	0.3691209209097186
hsa-miR-941	2	44	2.59	37.6	6.28	20:hsa;hsa-mir-941-5,63919551,63919573,+	2.2119892026774317	0.3691209209097186
hsa-miR-941	2	44	2.59	37.6	6.28	20:hsa;hsa-mir-941-5,63919607,63919629,+	2.2119892026774317	0.3691209209097186
hsa-miR-941	2	44	2.59	37.6	6.28	20:hsa;hsa-mir-941-4,63919802,63919824,+	2.2119892026774317	0.3691209209097186
hsa-miR-941	2	44	2.59	37.6	6.28	20:hsa;hsa-mir-941-2,63919607,63919629,+	2.2119892026774317	0.3691209209097186
hsa-miR-514b-5p	1	43	43	36.75	6.13	X:hsa;hsa-mir-514b,147250163,147250184,-	36.74918425357279	6.1324407542046435
hsa-miR-3173-5p	3	41	41	35.04	5.85	14:hsa;hsa-mir-3173,95137923,95137944,-	35.03991986968568	5.847210951683498
hsa-miR-186-3p	1	41	41	35.04	5.85	1:hsa;hsa-mir-186,71067684,71067705,-	35.03991986968568	5.847210951683498
hsa-miR-362-3p	1	39	39	33.33	5.56	X:hsa;hsa-mir-362,50009005,50009026,+	33.33065548579858	5.561981149162351
hsa-miR-32-5p	4	39	39	33.33	5.56	9:hsa;hsa-mir-32,109046234,109046255,-	33.33065548579858	5.561981149162351
hsa-miR-1468-5p	3	39	39	33.33	5.56	X:hsa;hsa-mir-1468,63786014,63786034,-	33.33065548579858	5.561981149162351
hsa-miR-378f	1	38	38	32.48	5.42	1:hsa;hsa-mir-378f,23929121,23929140,+	32.47602329385502	5.419366247901778
hsa-miR-4286	1	38	38	32.48	5.42	8:hsa;hsa-mir-4286,10666988,10667004,+	32.47602329385502	5.419366247901778
hsa-miR-582-5p	1	37	37	31.62	5.28	5:hsa;hsa-mir-582,59703621,59703643,-	31.62139110191147	5.276751346641205
hsa-miR-6734-5p	1	36	36	30.77	5.13	1:hsa;hsa-mir-6734,43364653,43364675,-	30.76675890996792	5.134136445380632
hsa-miR-1251-5p	3	36	36	30.77	5.13	12:hsa;hsa-mir-1251,97491913,97491933,+	30.76675890996792	5.134136445380632
hsa-miR-335-3p	3	33	33	28.2	4.71	7:hsa;hsa-mir-335,130496162,130496183,+	28.202862334137258	4.706291741598912
hsa-miR-320d	3	33	8.14	28.2	4.71	13:hsa;hsa-mir-320d-1,40727857,40727875,-	6.9591478486832195	1.1612927674075237
hsa-miR-340-3p	2	31	31	26.49	4.42	5:hsa;hsa-mir-340,180015360,180015381,-	26.49359795025015	4.421061939077767
hsa-miR-4728-3p	1	31	31	26.49	4.42	17:hsa;hsa-mir-4728,39726537,39726561,+	26.49359795025015	4.421061939077767
hsa-miR-589-5p	1	31	31	26.49	4.42	7:hsa;hsa-mir-589,5495842,5495863,-	26.49359795025015	4.421061939077767
hsa-miR-4443	1	31	31	26.49	4.42	3:hsa;hsa-mir-4443,48196572,48196588,+	26.49359795025015	4.421061939077767
hsa-miR-130b-5p	2	30	30	25.64	4.28	22:hsa;hsa-mir-130b,21653316,21653336,+	25.638965758306597	4.278447037817193
hsa-miR-30b-3p	1	30	30	25.64	4.28	8:hsa;hsa-mir-30b,134800574,134800595,-	25.638965758306597	4.278447037817193
hsa-miR-3615	1	30	30	25.64	4.28	17:hsa;hsa-mir-3615,74748663,74748683,+	25.638965758306597	4.278447037817193
hsa-miR-500a-5p	2	30	15.5	25.64	4.28	X:hsa;hsa-mir-500a,50008443,50008465,+	13.246798975125076	2.2105309695388833
hsa-miR-454-3p	1	30	30	25.64	4.28	17:hsa;hsa-mir-454,59137821,59137843,-	25.638965758306597	4.278447037817193
hsa-miR-1-3p	3	29	14.5	24.78	4.14	18:hsa;hsa-mir-1-2,21829056,21829077,-	12.392166783181523	2.06791606827831
hsa-miR-320d	1	29	4.14	24.78	4.14	X:hsa;hsa-mir-320d-2,140926201,140926219,-	3.5406190809090066	0.5908331623652315
hsa-miR-500b-5p	1	29	14.5	24.78	4.14	X:hsa;hsa-mir-500b,50010682,50010699,+	12.392166783181523	2.06791606827831
hsa-miR-1-3p	3	29	14.5	24.78	4.14	20:hsa;hsa-mir-1-1,62554351,62554372,+	12.392166783181523	2.06791606827831
hsa-miR-590-3p	1	28	28	23.93	3.99	7:hsa;hsa-mir-590,74191253,74191273,+	23.92970137441949	3.993217235296047
hsa-miR-455-5p	2	27	27	23.08	3.85	9:hsa;hsa-mir-455,114209449,114209470,+	23.07506918247594	3.850602334035474
hsa-miR-625-3p	1	27	27	23.08	3.85	14:hsa;hsa-mir-625,65471153,65471174,+	23.07506918247594	3.850602334035474
hsa-miR-338-3p	1	27	27	23.08	3.85	17:hsa;hsa-mir-338,81125924,81125945,-	23.07506918247594	3.850602334035474
hsa-miR-363-5p	1	26	26	22.22	3.71	X:hsa;hsa-mir-363,134169384,134169405,-	22.220436990532384	3.707987432774901
hsa-miR-4662a-5p	1	26	26	22.22	3.71	8:hsa;hsa-mir-4662a,124821990,124822011,+	22.220436990532384	3.707987432774901
hsa-miR-22-5p	1	26	26	22.22	3.71	17:hsa;hsa-mir-22,1713917,1713938,-	22.220436990532384	3.707987432774901
hsa-miR-193b-5p	1	25	25	21.37	3.57	16:hsa;hsa-mir-193b,14303980,14304001,+	21.365804798588833	3.5653725315143276
hsa-miR-130a-3p	2	25	25	21.37	3.57	11:hsa;hsa-mir-130a,57641252,57641273,+	21.365804798588833	3.5653725315143276
hsa-miR-513c-5p	2	24	24	20.51	3.42	X:hsa;hsa-mir-513c,147189717,147189738,-	20.511172606645278	3.422757630253755
hsa-miR-24-2-5p	2	24	24	20.51	3.42	19:hsa;hsa-mir-24-2,13836299,13836320,-	20.511172606645278	3.422757630253755
hsa-miR-3065-3p	1	20	20	17.09	2.85	17:hsa;hsa-mir-3065,81125926,81125948,+	17.092643838871066	2.852298025211462
hsa-miR-4708-3p	1	20	20	17.09	2.85	14:hsa;hsa-mir-4708,65335156,65335177,-	17.092643838871066	2.852298025211462
hsa-miR-190b-5p	1	19	19	16.24	2.71	1:hsa;hsa-mir-190b,154193675,154193696,-	16.23801164692751	2.709683123950889
hsa-miR-769-5p	1	18	18	15.38	2.57	19:hsa;hsa-mir-769,46018961,46018982,+	15.38337945498396	2.567068222690316
hsa-miR-653-3p	1	18	18	15.38	2.57	7:hsa;hsa-mir-653,93482810,93482831,-	15.38337945498396	2.567068222690316
hsa-miR-651-5p	1	17	17	14.53	2.42	X:hsa;hsa-mir-651,8126980,8127001,+	14.528747263040406	2.424453321429743
hsa-miR-5001-3p	2	12	12	10.26	1.71	2:hsa;hsa-mir-5001,232550533,232550554,-	10.255586303322639	1.7113788151268774
hsa-miR-4647	1	11	11	9.4	1.57	6:hsa;hsa-mir-4647,44254216,44254238,-	9.400954111379086	1.568763913866304
hsa-miR-5588-5p	1	10	10	8.55	1.43	3:hsa;hsa-mir-5588,185253210,185253230,-	8.546321919435533	1.426149012605731
hsa-miR-888-5p	1	9	9	7.69	1.28	X:hsa;hsa-mir-888,145994794,145994814,-	7.69168972749198	1.283534111345158
hsa-miR-32-3p	1	8	8	6.84	1.14	9:hsa;hsa-mir-32,109046275,109046296,-	6.837057535548427	1.1409192100845849
hsa-miR-4510	4	7	3.5	5.98	1	15:hsa;hsa-mir-4510,35926863,35926884,+	2.9912126718024363	0.4991521544120059
hsa-miR-30d-3p	3	5	5	4.27	0.71	8:hsa;hsa-mir-30d,134804921,134804942,-	4.273160959717766	0.7130745063028655
hsa-miR-143-3p	2	4	4	3.42	0.57	5:hsa;hsa-mir-143,149428978,149428998,+	3.4185287677742133	0.5704596050422924
hsa-miR-891a-5p	2	4	4	3.42	0.57	X:hsa;hsa-mir-891a,146027804,146027825,-	3.4185287677742133	0.5704596050422924
hsa-miR-451a	3	4	4	3.42	0.57	17:hsa;hsa-mir-451a,28861385,28861406,-	3.4185287677742133	0.5704596050422924
hsa-miR-211-5p	3	4	2	3.42	0.57	15:hsa;hsa-mir-211,31065057,31065078,-	1.7092643838871067	0.2852298025211462
hsa-miR-150-5p	3	3	3	2.56	0.43	19:hsa;hsa-mir-150,49500800,49500821,-	2.5638965758306598	0.42784470378171935
hsa-miR-9985	3	3	1.33	2.56	0.43	Y:hsa;hsa-mir-9985,4606140,4606158,+	1.1395095892580709	0.19015320168076413
hsa-miR-23c	3	3	2	2.56	0.43	X:hsa;hsa-mir-23c,20017153,20017174,-	1.7092643838871067	0.2852298025211462
hsa-miR-4429	1	2	2	1.71	0.29	2:hsa;hsa-mir-4429,11540611,11540630,-	1.7092643838871067	0.2852298025211462
hsa-miR-320e	2	2	2	1.71	0.29	19:hsa;hsa-mir-320e,46709325,46709342,-	1.7092643838871067	0.2852298025211462
hsa-miR-181d-5p	2	2	1.33	1.71	0.29	19:hsa;hsa-mir-181d,13874910,13874932,+	1.1395095892580709	0.19015320168076413
hsa-miR-891b	1	2	2	1.71	0.29	X:hsa;hsa-mir-891b,146001063,146001084,-	1.7092643838871067	0.2852298025211462
hsa-miR-150-3p	1	1	1	0.85	0.14	19:hsa;hsa-mir-150,49500835,49500856,-	0.8546321919435533	0.1426149012605731
hsa-miR-215-5p	1	1	1	0.85	0.14	1:hsa;hsa-mir-215,220117879,220117899,-	0.8546321919435533	0.1426149012605731
hsa-miR-378d	1	1	0.5	0.85	0.14	4:hsa;hsa-mir-378d-1,5923305,5923324,-	0.42731609597177667	0.07130745063028655
hsa-miR-212-3p	1	1	1	0.85	0.14	17:hsa;hsa-mir-212,2050341,2050361,-	0.8546321919435533	0.1426149012605731
hsa-miR-514b-3p	1	1	0.17	0.85	0.14	X:hsa;hsa-mir-514b,147250200,147250220,-	0.14243869865725886	0.023769150210095517
hsa-miR-378i	1	1	1	0.85	0.14	22:hsa;hsa-mir-378i,41923228,41923248,-	0.8546321919435533	0.1426149012605731
hsa-miR-142-5p	1	1	1	0.85	0.14	17:hsa;hsa-mir-142,58331247,58331267,-	0.8546321919435533	0.1426149012605731
hsa-miR-219a-2-3p	1	1	1	0.85	0.14	9:hsa;hsa-mir-219a-2,128392679,128392700,-	0.8546321919435533	0.1426149012605731
hsa-miR-133a-3p	1	1	0.5	0.85	0.14	18:hsa;hsa-mir-133a-1,21825750,21825771,-	0.42731609597177667	0.07130745063028655
hsa-miR-885-5p	1	1	1	0.85	0.14	3:hsa;hsa-mir-885,10394499,10394520,-	0.8546321919435533	0.1426149012605731
hsa-miR-133a-3p	1	1	0.5	0.85	0.14	20:hsa;hsa-mir-133a-2,62564970,62564991,+	0.42731609597177667	0.07130745063028655
hsa-miR-199a-3p	1	1	0.33	0.85	0.14	19:hsa;hsa-mir-199a-1,10817472,10817493,-	0.2848773973145177	0.04753830042019103
hsa-miR-652-5p	1	1	1	0.85	0.14	X:hsa;hsa-mir-652,110055349,110055373,+	0.8546321919435533	0.1426149012605731
hsa-miR-199b-3p	1	1	0.33	0.85	0.14	9:hsa;hsa-mir-199b,128244785,128244806,-	0.2848773973145177	0.04753830042019103
hsa-miR-365b-5p	1	1	1	0.85	0.14	17:hsa;hsa-mir-365b,31575439,31575460,+	0.8546321919435533	0.1426149012605731
hsa-miR-21-3p	1	1	1	0.85	0.14	17:hsa;hsa-mir-21,59841311,59841331,+	0.8546321919435533	0.1426149012605731
hsa-miR-106a-5p	1	1	0.5	0.85	0.14	X:hsa;hsa-mir-106a,134170210,134170232,-	0.42731609597177667	0.07130745063028655
hsa-miR-378d	1	1	1	0.85	0.14	8:hsa;hsa-mir-378d-2,93916043,93916062,-	0.8546321919435533	0.1426149012605731
hsa-miR-199a-3p	1	1	0.33	0.85	0.14	1:hsa;hsa-mir-199a-2,172144604,172144625,-	0.2848773973145177	0.04753830042019103
hsa-miR-500b-3p	1	1	0.5	0.85	0.14	X:hsa;hsa-mir-500b,50010722,50010741,+	0.42731609597177667	0.07130745063028655
