name	unique reads 32151484_EXO_S11	32151484_EXO_S11	32151484_EXO_S11 (mult. map. adj.)	PM32151484_EXO_S11(lib)	32151484_EXO_S11 (total)	coordinateString 32151484_EXO_S11	32151484_EXO_S11 (lib)	32151484_EXO_S11 (total)
hsa-miR-30a-5p	1053	517469	516838.5	151247.15	35190.51	6:hsa;hsa-mir-30a,71403556,71403577,-	151062.87085174347	35147.631156081196
hsa-let-7a-5p	546	342202	114963.45	100019.67	23271.47	9:hsa;hsa-let-7a-1,94175962,94175983,+	33601.80946276412	7818.0958597909585
hsa-let-7a-5p	525	341703	114574.45	99873.82	23237.53	22:hsa;hsa-let-7a-3,46112752,46112773,+	33488.1115537242	7791.641892991435
hsa-let-7a-5p	524	341351	114113.95	99770.94	23213.59	11:hsa;hsa-let-7a-2,122146526,122146547,-	33353.51544289417	7760.325564685058
hsa-let-7b-5p	886	305774	305260.8	89372.4	20794.18	22:hsa;hsa-let-7b,46113691,46113712,+	89222.40275540599	20759.277810786676
hsa-miR-10a-5p	894	263886	263741	77129.27	17945.58	17:hsa;hsa-mir-10a,48579859,48579881,-	77086.89004652262	17935.721485020968
hsa-miR-30d-5p	779	211132	210689	61710.2	14358.04	8:hsa;hsa-mir-30d,134804881,134804902,-	61580.7166008008	14327.917251991852
hsa-miR-10b-5p	659	196405	196260.5	57405.75	13356.53	2:hsa;hsa-mir-10b,176150329,176150351,+	57363.51793606437	13346.706300920061
hsa-miR-26a-5p	484	194319	97282.33	56796.05	13214.67	12:hsa;hsa-mir-26a-2,57824622,57824643,-	28433.92772885455	6615.690530026192
hsa-miR-26a-5p	475	194152	97115.33	56747.24	13203.32	3:hsa;hsa-mir-26a-1,37969413,37969434,+	28385.116544253866	6604.333685667529
hsa-let-7f-5p	337	138727	70558.33	40547.48	9434.14	X:hsa;hsa-let-7f-2,53557199,53557220,-	20622.969062574863	4798.323412415732
hsa-let-7f-5p	305	136343	68178.58	39850.68	9272.01	9:hsa;hsa-let-7f-1,94176353,94176374,+	19927.4096820151	4636.488380304764
hsa-miR-125a-5p	445	89333	89333	26110.48	6075.1	19:hsa;hsa-mir-125a,51693268,51693291,+	26110.476370856275	6075.095671212964
hsa-miR-30c-5p	378	74768	37441.5	21853.38	5084.6	6:hsa;hsa-mir-30c-2,71376966,71376988,-	10943.49681572784	2546.2113057181577
hsa-miR-30c-5p	377	74666	37339.5	21823.57	5077.67	1:hsa;hsa-mir-30c-1,40757300,40757322,+	10913.683996390895	2539.2747900020872
hsa-let-7c-5p	352	69419	68254.7	20289.96	4720.84	21:hsa;hsa-let-7c,16539838,16539859,+	19949.657254876503	4641.664698487
hsa-miR-204-5p	414	64379	64369.5	18816.86	4378.1	9:hsa;hsa-mir-204,70810007,70810028,-	18814.081120681418	4377.451454760759
hsa-miR-21-5p	344	53665	53665	15685.34	3649.49	17:hsa;hsa-mir-21,59841273,59841294,+	15685.342644286009	3649.49133238158
hsa-miR-200c-3p	349	53568	53562	15656.99	3642.89	12:hsa;hsa-mir-200c,6963742,6963764,+	15655.237542406543	3642.4868116094694
hsa-miR-30a-3p	356	48446	48432	14159.92	3294.57	6:hsa;hsa-mir-30a,71403597,71403618,-	14155.828099283703	3293.6208741247497
hsa-let-7g-5p	242	47874	47547.25	13992.73	3255.67	3:hsa;hsa-let-7g,52268282,52268303,-	13897.231119789953	3233.4534007934417
hsa-miR-200b-3p	458	46863	46857	13697.24	3186.92	1:hsa;hsa-mir-200b,1167160,1167181,+	13695.483094816165	3186.5129108618967
hsa-miR-92a-3p	308	45505	23386.33	13300.32	3094.57	13:hsa;hsa-mir-92a-1,91351361,91351382,+	6835.416966865195	1590.3889089012655
hsa-let-7e-5p	286	45176	44951	13204.16	3072.2	19:hsa;hsa-let-7e,51692793,51692814,+	13138.392568774812	3056.8952740498353
hsa-miR-92a-3p	280	44240	22121.33	12930.58	3008.54	X:hsa;hsa-mir-92a-2,134169585,134169606,-	6465.6795505785685	1504.362513010784
hsa-miR-26b-5p	197	36550	36545.33	10682.93	2485.58	2:hsa;hsa-mir-26b,218402657,218402677,+	10681.562943873667	2485.267441330395
hsa-miR-30e-5p	332	30665	30407.5	8962.84	2085.38	1:hsa;hsa-mir-30e,40754371,40754392,+	8887.581411648687	2067.8637415334556
hsa-miR-203a-3p	260	30449	30449	8899.71	2070.69	14:hsa;hsa-mir-203a,104117469,104117490,+	8899.711137163229	2070.6859513591116
hsa-miR-320a-3p	306	27856	26340.55	8141.82	1894.35	8:hsa;hsa-mir-320a,22245007,22245028,-	7698.881533529115	1791.2902550383576
hsa-miR-99b-5p	211	22117	22117	6464.41	1504.07	19:hsa;hsa-mir-99b,51692618,51692639,+	6464.412992894319	1504.067824434611
hsa-miR-27b-3p	200	18559	18451.33	5424.47	1262.11	9:hsa;hsa-mir-27b,95085505,95085525,+	5393.002619533573	1254.7839573443273
hsa-miR-191-5p	159	17587	17587	5140.37	1196	3:hsa;hsa-mir-191,49020633,49020655,-	5140.373075282922	1196.0049205738349
hsa-miR-423-5p	200	17509	17509	5117.58	1190.7	17:hsa;hsa-mir-423,30117095,30117117,+	5117.575036966435	1190.7005262027221
hsa-miR-23b-3p	211	15809	15807.5	4620.69	1075.09	9:hsa;hsa-mir-23b,95085265,95085287,+	4620.256290870233	1074.9899233508213
hsa-miR-23a-3p	152	15396	15394	4499.98	1047.01	19:hsa;hsa-mir-23a,13836631,13836651,-	4499.397459538597	1046.8698326783199
hsa-miR-125b-5p	166	14886	7457.83	4350.92	1012.32	11:hsa;hsa-mir-125b-1,122099771,122099792,-	2179.7944883501536	507.17037376961565
hsa-miR-125b-5p	165	14856	7427.83	4342.15	1010.28	21:hsa;hsa-mir-125b-2,16590253,16590274,+	2171.0260120745816	505.13022208841846
hsa-miR-99a-5p	185	14268	14262	4170.29	970.3	21:hsa;hsa-mir-99a,16539101,16539122,+	4168.533621407008	969.8881092411459
hsa-miR-22-3p	99	13861	13861	4051.33	942.62	17:hsa;hsa-mir-22,1713955,1713976,-	4051.3283218568595	942.6180817691434
hsa-let-7i-5p	126	13484	13468.25	3941.14	916.98	12:hsa;hsa-let-7i,62603691,62603712,+	3936.5343532824936	915.9090960094701
hsa-let-7d-5p	122	11602	11232.28	3391.06	788.99	9:hsa;hsa-let-7d,94178841,94178862,+	3283.000330961266	763.8520575394407
hsa-miR-221-3p	160	11048	11048	3229.14	751.32	X:hsa;hsa-mir-221,45746221,45746243,-	3229.1375297507093	751.3198591288865
hsa-miR-182-5p	168	11010	11010	3218.03	748.74	7:hsa;hsa-mir-182,129770405,129770428,-	3218.030793134985	748.7356669993701
hsa-miR-222-3p	170	10613	10613	3101.99	721.74	X:hsa;hsa-mir-222,45747083,45747103,-	3101.994623754913	721.7376597515272
hsa-miR-30b-5p	102	10436	10436	3050.26	709.7	8:hsa;hsa-mir-30b,134800536,134800557,-	3050.2606137290372	709.7007648324637
hsa-miR-24-3p	129	10374	5232.5	3032.14	705.48	19:hsa;hsa-mir-24-2,13836336,13836357,-	1529.3684037310452	355.8364557288105
hsa-miR-98-5p	114	10314	9908.45	3014.6	701.4	X:hsa;hsa-mir-98,53556244,53556265,-	2896.0669584231014	673.8246975186113
hsa-miR-24-3p	126	10283	5141.5	3005.54	699.3	9:hsa;hsa-mir-24-1,95086064,95086085,+	1502.7706923618096	349.64799562917904
hsa-miR-423-3p	143	10053	10053	2938.32	683.65	17:hsa;hsa-mir-423,30117131,30117153,+	2938.3163999442327	683.6548283691795
hsa-miR-200a-3p	128	9831	9829	2873.43	668.56	1:hsa;hsa-mir-200a,1167916,1167937,+	2872.8451104199603	668.4216958162406
hsa-miR-151a-5p	53	9640	9386.5	2817.6	655.57	8:hsa;hsa-mir-151a,140732574,140732594,-	2743.510085355271	638.329458518582
hsa-miR-103a-3p	119	8672	4241	2534.67	589.74	5:hsa;hsa-mir-103a-1,168560943,168560965,-	1239.5702628233853	288.4094426652433
hsa-miR-103a-3p	119	8672	4241	2534.67	589.74	20:hsa;hsa-mir-103a-2,3917541,3917563,+	1239.5702628233853	288.4094426652433
hsa-miR-101-3p	126	8586	4562.5	2509.54	583.89	9:hsa;hsa-mir-101-2,4850345,4850365,+	1333.5391002432668	310.2730681820732
hsa-miR-101-3p	115	8047	4023.5	2352	547.24	1:hsa;hsa-mir-101-1,65058480,65058500,-	1175.998809825487	273.6183429765636
hsa-miR-148a-3p	110	7898	7896.5	2308.45	537.1	7:hsa;hsa-mir-148a,25949962,25949983,-	2308.009097001853	537.0019250191214
hsa-let-7d-3p	109	7326	7326	2141.26	498.21	9:hsa;hsa-let-7d,94178895,94178916,+	2141.2619064947226	498.2050405483547
hsa-miR-151a-3p	126	7188	7188	2100.93	488.82	8:hsa;hsa-mir-151a,140732610,140732630,-	2100.9269156270907	488.8203428148476
hsa-miR-429	74	7116	7116	2079.88	483.92	1:hsa;hsa-mir-429,1169055,1169076,+	2079.8825725657175	483.92397877997433
hsa-miR-183-5p	77	6230	6230	1820.92	423.67	7:hsa;hsa-mir-183,129774931,129774952,-	1820.9202398938196	423.6714991286172
hsa-miR-30e-3p	104	6163	6149	1801.34	419.12	1:hsa;hsa-mir-30e,40754413,40754434,+	1797.2453539497749	418.1630895893848
hsa-miR-100-5p	87	5530	5523.5	1616.32	376.07	11:hsa;hsa-mir-100,122152241,122152262,-	1614.4226236040952	375.6259270364233
hsa-miR-25-3p	83	5412	5412	1581.83	368.04	7:hsa;hsa-mir-25,100093611,100093632,-	1581.8331201132187	368.04336328797376
hsa-miR-181a-5p	93	5356	2678	1565.47	364.24	9:hsa;hsa-mir-181a-2,124692480,124692502,+	782.7326488660752	182.11754007486948
hsa-miR-181a-5p	93	5356	2678	1565.47	364.24	1:hsa;hsa-mir-181a-1,198859067,198859089,-	782.7326488660752	182.11754007486948
hsa-miR-92b-3p	112	4996	4995.33	1460.24	339.75	1:hsa;hsa-mir-92b,155195237,155195258,+	1460.0487273969384	339.70792327134603
hsa-miR-31-5p	82	4225	4225	1234.89	287.32	9:hsa;hsa-mir-31,21512122,21512142,-	1234.8937421430799	287.3213617686048
hsa-miR-29a-3p	88	4046	4044	1182.58	275.15	7:hsa;hsa-mir-29a,130876788,130876809,-	1181.990601947128	275.0124466253817
hsa-miR-200b-5p	58	3908	3908	1142.24	265.76	1:hsa;hsa-mir-200b,1167124,1167145,+	1142.240176164534	265.7637590039544
hsa-miR-93-5p	64	3893	3893	1137.86	264.74	7:hsa;hsa-mir-93,100093778,100093800,-	1137.855938026748	264.74368316335585
hsa-miR-1260b	5	3872	2326	1131.72	263.32	11:hsa;hsa-mir-1260b,96341447,96341465,+	679.8491938993619	158.1797603488224
hsa-miR-1260a	5	3804	2258	1111.84	258.69	14:hsa;hsa-mir-1260a,77266231,77266248,+	659.9739810080649	153.55541653810877
hsa-miR-375-3p	48	3772	3772	1102.49	256.52	2:hsa;hsa-mir-375,219001684,219001705,-	1102.4897503819402	256.51507138252714
hsa-miR-141-3p	69	3710	3708	1084.37	252.3	12:hsa;hsa-mir-141,6964155,6964176,+	1083.7836676607196	252.16274779597313
hsa-miR-28-3p	31	3571	3571	1043.74	242.85	3:hsa;hsa-mir-28,188688834,188688855,+	1043.7409593356067	242.84605511850594
hsa-miR-205-5p	64	3551	3551	1037.9	241.49	1:hsa;hsa-mir-205,209432166,209432187,+	1037.8953084852253	241.4859539977078
hsa-miR-16-5p	63	3523	1761	1029.71	239.58	13:hsa;hsa-mir-16-1,50048986,50049007,-	514.7095573760861	119.75690368627527
hsa-miR-16-5p	63	3523	1761	1029.71	239.58	3:hsa;hsa-mir-16-2,160404754,160404775,+	514.7095573760861	119.75690368627527
hsa-miR-652-3p	41	3423	3423	1000.48	232.78	X:hsa;hsa-mir-652,110055389,110055409,+	1000.483143042784	232.7813068245998
hsa-miR-27a-3p	74	2952	2850.83	862.82	200.75	19:hsa;hsa-mir-27a,13836490,13836510,-	833.2488149647883	193.87108059376666
hsa-miR-532-5p	52	2945	2945	860.77	200.27	X:hsa;hsa-mir-532,50003167,50003188,+	860.7720877186675	200.2748900375245
hsa-miR-500a-3p	67	2886	2544.67	843.53	196.26	X:hsa;hsa-mir-500a,50008482,50008503,+	743.7616431968657	173.05019926954864
hsa-miR-320b	47	2864	846.38	837.1	194.77	1:hsa;hsa-mir-320b-2,224257080,224257101,-	247.38168079080313	57.558022180976
hsa-miR-320b	46	2863	845.88	836.8	194.7	1:hsa;hsa-mir-320b-1,116671787,116671808,+	247.2355395195436	57.52401965295605
hsa-miR-501-3p	44	2726	2723.17	796.76	185.38	X:hsa;hsa-mir-501,50009772,50009793,+	795.9340770365201	185.18910177267196
hsa-miR-502-3p	54	2504	2163.17	731.88	170.28	X:hsa;hsa-mir-502,50014649,50014670,+	632.2558532258396	147.1062703903243
hsa-miR-9-5p	37	2439	813	712.88	165.86	1:hsa;hsa-mir-9-1,156420356,156420378,-	237.62570706800597	55.28811056044402
hsa-miR-9-5p	37	2439	813	712.88	165.86	15:hsa;hsa-mir-9-3,89368032,89368054,+	237.62570706800597	55.28811056044402
hsa-miR-9-5p	37	2439	813	712.88	165.86	5:hsa;hsa-mir-9-2,88666868,88666890,-	237.62570706800597	55.28811056044402
hsa-miR-15b-5p	21	2040	2040	596.26	138.73	3:hsa;hsa-mir-15b,160404607,160404628,+	596.2563867389073	138.73031432140917
hsa-miR-30c-2-3p	34	1910	1909.5	558.26	129.89	6:hsa;hsa-mir-30c-2,71377006,71377027,-	558.1135149401683	129.85565450820138
hsa-miR-135b-5p	37	1869	1868.33	546.28	127.1	1:hsa;hsa-mir-135b,205448317,205448339,-	546.0812169397998	127.05611303455855
hsa-miR-10a-3p	35	1868	1868	545.98	127.03	17:hsa;hsa-mir-10a,48579900,48579921,-	545.9837894256268	127.03344468254527
hsa-miR-192-5p	45	1847	1847	539.85	125.61	11:hsa;hsa-mir-192,64891160,64891180,-	539.8458560327263	125.60533850570722
hsa-miR-128-3p	35	1794	1048.5	524.35	122	2:hsa;hsa-mir-128-1,135665446,135665466,+	306.45824583124715	71.30330125784192
hsa-miR-181b-5p	47	1710	854.83	499.8	116.29	1:hsa;hsa-mir-181b-1,198858908,198858930,-	249.8528600967202	58.13298873811337
hsa-miR-181b-5p	47	1710	854.83	499.8	116.29	9:hsa;hsa-mir-181b-2,124693725,124693747,+	249.8528600967202	58.13298873811337
hsa-miR-186-5p	31	1676	1676	489.87	113.98	1:hsa;hsa-mir-186,71067645,71067666,-	489.86554126196495	113.97647392288322
hsa-miR-29c-3p	36	1617	1615	472.62	109.96	1:hsa;hsa-mir-29c,207801905,207801926,-	472.03630616830156	109.82816550444893
hsa-miR-29b-3p	36	1606	803	469.41	109.22	1:hsa;hsa-mir-29b-2,207802494,207802516,-	234.70288164281496	54.60806000004489
hsa-miR-29b-3p	36	1606	803	469.41	109.22	7:hsa;hsa-mir-29b-1,130877509,130877531,-	234.70288164281496	54.60806000004489
hsa-miR-320c	22	1579	366.46	461.51	107.38	18:hsa;hsa-mir-320c-2,24321716,24321735,+	107.1104172601916	24.921262369824195
hsa-miR-378a-3p	10	1567	1567	458.01	106.56	5:hsa;hsa-mir-378a,149732867,149732888,+	458.00674412738607	106.56392281453341
hsa-miR-505-3p	36	1531	1531	447.48	104.12	X:hsa;hsa-mir-505,139924198,139924219,-	447.4845725966995	104.11574079709678
hsa-miR-194-5p	28	1512	1158	441.93	102.82	11:hsa;hsa-mir-194-2,64891369,64891390,-	338.46318423708556	78.74985489421168
hsa-miR-342-3p	41	1499	1499	438.13	101.94	14:hsa;hsa-mir-342,100109715,100109737,+	438.1315312360892	101.93957900381977
hsa-miR-128-3p	31	1492	746.5	436.09	101.46	3:hsa;hsa-mir-128-2,35744527,35744547,+	218.18891799048737	50.76577433379017
hsa-miR-320c	18	1386	300.63	405.1	94.26	18:hsa;hsa-mir-320c-1,21683559,21683578,+	87.86848321101934	20.444262847197017
hsa-miR-660-5p	25	1330	1330	388.74	90.45	X:hsa;hsa-mir-660,50013256,50013277,+	388.73578155036597	90.44672453307558
hsa-miR-125b-2-3p	32	1322	1322	386.4	89.9	21:hsa;hsa-mir-125b-2,16590290,16590311,+	386.3975212102134	89.90268408475633
hsa-miR-1180-3p	32	1310	1310	382.89	89.09	17:hsa;hsa-mir-1180,19344546,19344567,-	382.8901306999845	89.08662341227746
hsa-miR-196a-5p	23	1260	800.33	368.28	85.69	12:hsa;hsa-mir-196a-2,53991762,53991783,+	233.92346152943077	54.42671318393847
hsa-miR-664a-3p	31	1204	1204	351.91	81.88	1:hsa;hsa-mir-664a,220200586,220200608,-	351.9081811929629	81.87808747204737
hsa-miR-361-5p	29	1186	1186	346.65	80.65	X:hsa;hsa-mir-361,85903641,85903662,-	346.6470954276196	80.65399646332905
hsa-miR-361-3p	36	1163	1163	339.92	79.09	X:hsa;hsa-mir-361,85903680,85903702,-	339.92459694968096	79.0898801744112
hsa-miR-148b-3p	23	1090	1088.5	318.59	74.13	12:hsa;hsa-mir-148b,54337278,54337299,+	318.14954753201005	74.02350349943818
hsa-miR-149-5p	17	1084	1084	316.83	73.72	2:hsa;hsa-mir-149,240456015,240456037,+	316.8342760906742	73.71748074725859
hsa-miR-140-3p	35	1081	1081	315.96	73.51	16:hsa;hsa-mir-140,69933142,69933162,+	315.957428463117	73.51346557913888
hsa-miR-224-5p	22	1081	1081	315.96	73.51	X:hsa;hsa-mir-224,151958584,151958608,-	315.957428463117	73.51346557913888
hsa-miR-425-5p	27	1030	1030	301.05	70.05	3:hsa;hsa-mir-425,49020161,49020183,-	301.05101879464434	70.04520772110365
hsa-miR-362-5p	32	995	995	290.82	67.67	X:hsa;hsa-mir-362,50008968,50008991,+	290.8211298064768	67.66503075970692
hsa-miR-664a-5p	12	987	987	288.48	67.12	1:hsa;hsa-mir-664a,220200548,220200571,-	288.48286946632425	67.12099031138767
hsa-miR-200a-5p	20	987	987	288.48	67.12	1:hsa;hsa-mir-200a,1167878,1167899,+	288.48286946632425	67.12099031138767
hsa-miR-146b-5p	21	966	966	282.34	65.69	10:hsa;hsa-mir-146b,102436520,102436542,+	282.3449360734237	65.69288413454963
hsa-miR-181a-2-3p	22	931	931	272.12	63.31	9:hsa;hsa-mir-181a-2,124692518,124692539,+	272.1150470852562	63.31270717315291
hsa-miR-584-5p	23	927	927	270.95	63.04	5:hsa;hsa-mir-584,149062328,149062349,-	270.9459169151799	63.04068694899328
hsa-miR-196a-5p	13	920	460.83	268.9	62.56	17:hsa;hsa-mir-196a-1,48632496,48632517,-	134.69353834420576	31.338996658390222
hsa-miR-107	19	847	467	247.56	57.6	10:hsa;hsa-mir-107,89592796,89592818,-	136.4959473564067	31.75836117063631
hsa-let-7b-3p	21	828	823.5	242.01	56.31	22:hsa;hsa-let-7b,46113745,46113766,+	240.69467376445593	56.00216364886297
hsa-miR-424-3p	18	823	823	240.55	55.97	X:hsa;hsa-mir-424,134546661,134546681,-	240.5485324931964	55.968161120843014
hsa-miR-574-3p	14	809	809	236.46	55.02	4:hsa;hsa-mir-574,38868092,38868113,+	236.45657689792938	55.01609033628432
hsa-miR-455-3p	17	786	786	229.73	53.45	9:hsa;hsa-mir-455,114209487,114209507,+	229.73407841999074	53.45197404736648
hsa-miR-152-3p	15	770	770	225.06	52.36	17:hsa;hsa-mir-152,48037214,48037234,-	225.05755773968556	52.36389315072797
hsa-miR-197-3p	14	747	747	218.34	50.8	1:hsa;hsa-mir-197,109598940,109598961,+	218.33505926174692	50.79977686181012
hsa-miR-196b-5p	26	720	718.83	210.44	48.96	7:hsa;hsa-mir-196b,27169494,27169515,-	210.10243431412638	48.884301116686096
hsa-miR-194-5p	13	717	363	209.57	48.76	1:hsa;hsa-mir-194-1,220118171,220118192,-	106.0985629344232	24.685835342486044
hsa-miR-532-3p	20	701	701	204.89	47.67	X:hsa;hsa-mir-532,50003204,50003225,+	204.8900623058696	47.67154428397443
hsa-miR-484	24	691	691	201.97	46.99	16:hsa;hsa-mir-484,15643301,15643322,+	201.96723688067888	46.99149372357536
hsa-miR-340-3p	17	690	690	201.67	46.92	5:hsa;hsa-mir-340,180015360,180015381,-	201.6749543381598	46.92348866753545
hsa-miR-374b-5p	13	684	680.5	199.92	46.52	X:hsa;hsa-mir-374b,74218557,74218578,-	198.8982701842286	46.277440635156346
hsa-miR-331-3p	17	662	662	193.49	45.02	12:hsa;hsa-mir-331,95308480,95308500,+	193.4910431476258	45.01934709841807
hsa-miR-193a-5p	16	657	657	192.03	44.68	17:hsa;hsa-mir-193a,31560016,31560037,+	192.0296304350304	44.67932181821854
hsa-miR-204-3p	10	617	617	180.34	41.96	9:hsa;hsa-mir-204,70810046,70810066,-	180.33832873426752	41.959119576622285
hsa-miR-877-5p	12	615	615	179.75	41.82	6:hsa;hsa-mir-877,30584332,30584351,+	179.7537636492294	41.82310946454247
hsa-miR-345-5p	18	591	591	172.74	40.19	14:hsa;hsa-mir-345,100307876,100307897,+	172.73898262877165	40.190988119584716
hsa-miR-1301-3p	13	555	555	162.22	37.74	2:hsa;hsa-mir-1301,25328687,25328710,-	162.21681109808506	37.74280610214808
hsa-miR-744-5p	12	530	530	154.91	36.04	17:hsa;hsa-mir-744,12081909,12081930,+	154.90974753510824	36.04267970115042
hsa-miR-151b	8	514	260.5	150.23	34.95	14:hsa;hsa-mir-151b,100109478,100109495,-	76.1396023262183	17.71531709839563
hsa-miR-320d	4	512	239.93	149.65	34.82	13:hsa;hsa-mir-320d-1,40727857,40727875,-	70.12693288011167	16.3163559455747
hsa-miR-320d	3	511	239.43	149.36	34.75	X:hsa;hsa-mir-320d-2,140926201,140926219,-	69.98079160885213	16.282353417554745
hsa-miR-125a-3p	15	499	499	145.85	33.93	19:hsa;hsa-mir-125a,51693306,51693327,+	145.84898871701702	33.934522963913324
hsa-miR-28-5p	11	469	469	137.08	31.89	3:hsa;hsa-mir-28,188688794,188688815,+	137.08051244144485	31.89437128271613
hsa-miR-324-3p	8	467	467	136.5	31.76	17:hsa;hsa-mir-324,7223346,7223368,-	136.4959473564067	31.758361170636316
hsa-miR-340-5p	3	441	441	128.9	29.99	5:hsa;hsa-mir-340,180015318,180015339,-	128.89660125091083	29.990229713598747
hsa-miR-598-3p	8	433	433	126.56	29.45	8:hsa;hsa-mir-598,11035266,11035287,-	126.55834091075825	29.446189265279497
hsa-miR-19b-3p	8	422	210.83	123.34	28.7	X:hsa;hsa-mir-19b-2,134169732,134169754,-	61.62290271443772	14.337732648413612
hsa-miR-19b-3p	8	422	210.83	123.34	28.7	13:hsa;hsa-mir-19b-1,91351245,91351267,+	61.62290271443772	14.337732648413612
hsa-miR-335-5p	11	421	421	123.05	28.63	7:hsa;hsa-mir-335,130496126,130496148,+	123.05095040052939	28.630128592800617
hsa-miR-339-5p	10	416	416	121.59	28.29	7:hsa;hsa-mir-339,1022947,1022969,-	121.58953768793403	28.290103312601087
hsa-miR-27b-5p	8	415	415	121.3	28.22	9:hsa;hsa-mir-27b,95085463,95085484,+	121.29725514541495	28.22209825656118
hsa-miR-106b-3p	8	402	402	117.5	27.34	7:hsa;hsa-mir-106b,100094044,100094065,-	117.49758209266702	27.338032528042394
hsa-miR-34a-5p	6	400	400	116.91	27.2	1:hsa;hsa-mir-34a,9151689,9151710,-	116.91301700762887	27.20202241596258
hsa-miR-363-3p	8	396	396	115.74	26.93	X:hsa;hsa-mir-363,134169427,134169448,-	115.74388683755258	26.930002191802956
hsa-miR-95-3p	7	390	390	113.99	26.52	4:hsa;hsa-mir-95,8005349,8005370,-	113.99019158243814	26.521971855563518
hsa-miR-5100	2	372	372	108.73	25.3	10:hsa;hsa-mir-5100,42997630,42997651,+	108.72910581709485	25.297880846845203
hsa-miR-190a-5p	5	369	369	107.85	25.09	15:hsa;hsa-mir-190a,62823971,62823992,+	107.85225818953764	25.093865678725482
hsa-miR-590-3p	6	356	356	104.05	24.21	7:hsa;hsa-mir-590,74191253,74191273,+	104.05258513678969	24.209799950206698
hsa-miR-9-3p	11	354	131.67	103.47	24.07	1:hsa;hsa-mir-9-1,156420395,156420416,-	38.4838680983445	8.95399904525435
hsa-miR-106b-5p	13	354	354	103.47	24.07	7:hsa;hsa-mir-106b,100094004,100094024,-	103.46802005175155	24.073789838126885
hsa-miR-9-3p	11	354	131.67	103.47	24.07	5:hsa;hsa-mir-9-2,88666905,88666926,-	38.4838680983445	8.95399904525435
hsa-miR-7-5p	9	347	115.67	101.42	23.6	15:hsa;hsa-mir-7-2,88611856,88611879,+	33.807347418039335	7.865918148615844
hsa-miR-7-5p	9	347	115.67	101.42	23.6	9:hsa;hsa-mir-7-1,83969771,83969794,-	33.807347418039335	7.865918148615844
hsa-miR-7-5p	9	347	115.67	101.42	23.6	19:hsa;hsa-mir-7-3,4770700,4770723,+	33.807347418039335	7.865918148615844
hsa-miR-191-3p	6	344	344	100.55	23.39	3:hsa;hsa-mir-191,49020675,49020696,-	100.54519462656083	23.39373927772782
hsa-miR-374a-5p	8	343	343	100.25	23.33	X:hsa;hsa-mir-374a,74287297,74287318,-	100.25291208404175	23.325734221687913
hsa-miR-184	3	342	342	99.96	23.26	15:hsa;hsa-mir-184,79209840,79209861,+	99.96062954152268	23.25772916564801
hsa-miR-1307-3p	11	338	338	98.79	22.99	10:hsa;hsa-mir-1307,103394332,103394353,-	98.79149937144639	22.985708941488383
hsa-miR-20a-5p	14	324	324	94.7	22.03	13:hsa;hsa-mir-20a,91351072,91351094,+	94.69954377617938	22.03363815692969
hsa-miR-3613-5p	4	319	319	93.24	21.69	13:hsa;hsa-mir-3613,49996430,49996451,-	93.23813106358402	21.69361287673016
hsa-miR-328-3p	8	319	319	93.24	21.69	16:hsa;hsa-mir-328,67202368,67202389,-	93.23813106358402	21.69361287673016
hsa-miR-16-2-3p	7	306	306	89.44	20.81	3:hsa;hsa-mir-16-2,160404797,160404818,+	89.43845801083609	20.809547148211376
hsa-miR-132-3p	14	304	304	88.85	20.67	17:hsa;hsa-mir-132,2049966,2049987,-	88.85389292579794	20.673537036131563
hsa-miR-10b-3p	8	289	289	84.47	19.65	2:hsa;hsa-mir-10b,176150368,176150389,+	84.46965478801185	19.653461195532966
hsa-miR-22-5p	5	273	273	79.79	18.57	17:hsa;hsa-mir-22,1713917,1713938,-	79.7931341077067	18.565380298894464
hsa-miR-9-3p	9	272	90.67	79.5	18.5	15:hsa;hsa-mir-9-3,89368071,89368092,+	26.50028385506254	6.165791747618185
hsa-miR-487b-3p	5	269	269	78.62	18.29	14:hsa;hsa-mir-487b,101046505,101046526,+	78.62400393763042	18.293360074734835
hsa-miR-17-5p	10	266	212	77.75	18.09	13:hsa;hsa-mir-17,91350618,91350640,+	61.9638990140433	14.417071880460169
hsa-miR-193b-5p	6	263	263	76.87	17.89	16:hsa;hsa-mir-193b,14303980,14304001,+	76.87030868251598	17.885329738495397
hsa-miR-218-5p	10	261	130.5	76.29	17.75	4:hsa;hsa-mir-218-1,20528299,20528319,+	38.142871798738916	8.874659813207792
hsa-miR-218-5p	10	261	130.5	76.29	17.75	5:hsa;hsa-mir-218-2,168768170,168768190,-	38.142871798738916	8.874659813207792
hsa-miR-32-3p	6	257	257	75.12	17.48	9:hsa;hsa-mir-32,109046275,109046296,-	75.11661342740155	17.47729940225596
hsa-miR-23a-5p	5	255	255	74.53	17.34	19:hsa;hsa-mir-23a,13836595,13836616,-	74.53204834236341	17.341289290176146
hsa-miR-185-5p	6	253	253	73.95	17.21	22:hsa;hsa-mir-185,20033153,20033174,+	73.94748325732526	17.205279178096333
hsa-miR-3178	2	247	247	72.19	16.8	16:hsa;hsa-mir-3178,2531932,2531948,-	72.19378800221082	16.797248841856895
hsa-miR-93-3p	3	235	235	68.69	15.98	7:hsa;hsa-mir-93,100093817,100093838,-	68.68639749198196	15.981188169378017
hsa-miR-96-5p	5	233	233	68.1	15.85	7:hsa;hsa-mir-96,129774700,129774722,-	68.10183240694381	15.845178057298204
hsa-miR-582-5p	8	231	231	67.52	15.71	5:hsa;hsa-mir-582,59703621,59703643,-	67.51726732190568	15.709167945218391
hsa-miR-1269a	8	224	224	65.47	15.23	4:hsa;hsa-mir-1269a,66276890,66276911,+	65.47128952427217	15.233132552939047
hsa-miR-362-3p	7	224	224	65.47	15.23	X:hsa;hsa-mir-362,50009005,50009026,+	65.47128952427217	15.233132552939047
hsa-miR-2110	6	223	223	65.18	15.17	10:hsa;hsa-mir-2110,114174112,114174133,-	65.17900698175309	15.165127496899139
hsa-let-7a-3p	4	218	109	63.72	14.83	9:hsa;hsa-let-7a-1,94176013,94176033,+	31.858797134578868	7.4125511083498035
hsa-let-7a-3p	4	218	109	63.72	14.83	22:hsa;hsa-let-7a-3,46112800,46112820,+	31.858797134578868	7.4125511083498035
hsa-miR-30c-1-3p	4	205	204.5	59.92	13.94	1:hsa;hsa-mir-30c-1,40757339,40757360,+	59.77177994515026	13.90703396016087
hsa-miR-615-3p	3	195	195	57	13.26	12:hsa;hsa-mir-615,54034010,54034031,+	56.99509579121907	13.260985927781759
hsa-miR-30b-3p	6	192	192	56.12	13.06	8:hsa;hsa-mir-30b,134800574,134800595,-	56.11824816366186	13.05697075966204
hsa-let-7i-3p	3	191	191	55.83	12.99	12:hsa;hsa-let-7i,62603747,62603768,+	55.825965621142785	12.988965703622133
hsa-miR-30d-3p	7	186	186	54.36	12.65	8:hsa;hsa-mir-30d,134804921,134804942,-	54.364552908547424	12.648940423422601
hsa-miR-4680-3p	1	185	185	54.07	12.58	10:hsa;hsa-mir-4680,110898131,110898151,+	54.072270366028356	12.580935367382695
hsa-miR-99b-3p	11	182	182	53.2	12.38	19:hsa;hsa-mir-99b,51692656,51692677,+	53.19542273847114	12.376920199262974
hsa-miR-874-3p	5	179	179	52.32	12.17	5:hsa;hsa-mir-874,137647618,137647639,-	52.31857511091392	12.172905031143255
hsa-miR-365b-3p	3	174	87	50.86	11.83	17:hsa;hsa-mir-365b,31575478,31575499,+	25.42858119915928	5.916439875471862
hsa-miR-365a-3p	3	174	87	50.86	11.83	16:hsa;hsa-mir-365a,14309340,14309361,+	25.42858119915928	5.916439875471862
hsa-miR-140-5p	6	173	173	50.56	11.76	16:hsa;hsa-mir-140,69933103,69933124,+	50.56487985579949	11.764874694903817
hsa-miR-187-3p	11	173	173	50.56	11.76	18:hsa;hsa-mir-187,35904888,35904909,-	50.56487985579949	11.764874694903817
hsa-miR-424-5p	5	168	168	49.1	11.42	X:hsa;hsa-mir-424,134546624,134546645,-	49.10346714320413	11.424849414704285
hsa-miR-489-3p	7	166	166	48.52	11.29	7:hsa;hsa-mir-489,93483987,93484008,-	48.51890205816598	11.288839302624472
hsa-miR-887-3p	1	166	166	48.52	11.29	5:hsa;hsa-mir-887,15935229,15935250,+	48.51890205816598	11.288839302624472
hsa-miR-3615	7	165	165	48.23	11.22	17:hsa;hsa-mir-3615,74748663,74748683,+	48.22661951564691	11.220834246584564
hsa-miR-653-5p	6	165	165	48.23	11.22	7:hsa;hsa-mir-653,93482772,93482792,-	48.22661951564691	11.220834246584564
hsa-miR-6716-3p	6	160	160	46.77	10.88	11:hsa;hsa-mir-6716,118644048,118644069,+	46.76520680305155	10.880808966385032
hsa-miR-29b-2-5p	4	158	158	46.18	10.74	1:hsa;hsa-mir-29b-2,207802453,207802474,-	46.180641718013405	10.74479885430522
hsa-miR-382-5p	3	158	158	46.18	10.74	14:hsa;hsa-mir-382,101054316,101054337,+	46.180641718013405	10.74479885430522
hsa-miR-146a-5p	6	157	157	45.89	10.68	5:hsa;hsa-mir-146a,160485372,160485393,+	45.88835917549433	10.676793798265313
hsa-miR-888-5p	2	153	153	44.72	10.4	X:hsa;hsa-mir-888,145994794,145994814,-	44.71922900541804	10.404773574105688
hsa-miR-15a-5p	3	145	145	42.38	9.86	13:hsa;hsa-mir-15a,50049132,50049153,-	42.38096866526546	9.860733125786435
hsa-miR-3940-3p	5	141	141	41.21	9.59	19:hsa;hsa-mir-3940,6416466,6416487,-	41.21183849518918	9.58871290162681
hsa-let-7e-3p	4	139	139	40.63	9.45	19:hsa;hsa-let-7e,51692838,51692859,+	40.627273410151034	9.452702789546997
hsa-miR-374a-3p	2	137	137	40.04	9.32	X:hsa;hsa-mir-374a,74287327,74287348,-	40.04270832511289	9.316692677467184
hsa-miR-130b-5p	2	131	131	38.29	8.91	22:hsa;hsa-mir-130b,21653316,21653336,+	38.289013069998454	8.908662341227746
hsa-miR-7704	2	130	130	38	8.84	2:hsa;hsa-mir-7704,176188843,176188861,+	37.996730527479386	8.84065728518784
hsa-miR-450b-5p	2	129	129	37.7	8.77	X:hsa;hsa-mir-450b,134540195,134540216,-	37.70444798496031	8.772652229147933
hsa-miR-146b-3p	3	128	128	37.41	8.7	10:hsa;hsa-mir-146b,102436557,102436578,+	37.412165442441236	8.704647173108027
hsa-miR-500b-5p	4	127	63.5	37.12	8.64	X:hsa;hsa-mir-500b,50010682,50010699,+	18.559941449961084	4.31832105853406
hsa-miR-130a-3p	2	127	127	37.12	8.64	11:hsa;hsa-mir-130a,57641252,57641273,+	37.11988289992217	8.63664211706812
hsa-miR-500a-5p	4	127	63.5	37.12	8.64	X:hsa;hsa-mir-500a,50008443,50008465,+	18.559941449961084	4.31832105853406
hsa-miR-342-5p	5	126	126	36.83	8.57	14:hsa;hsa-mir-342,100109673,100109693,+	36.82760035740309	8.568637061028213
hsa-miR-181d-5p	5	125	124.33	36.54	8.5	19:hsa;hsa-mir-181d,13874910,13874932,+	36.34046278653797	8.455295300961703
hsa-miR-651-5p	5	125	125	36.54	8.5	X:hsa;hsa-mir-651,8126980,8127001,+	36.535317814884024	8.500632004988306
hsa-miR-891a-5p	9	123	123	35.95	8.36	X:hsa;hsa-mir-891a,146027804,146027825,-	35.950752729845874	8.364621892908493
hsa-miR-891b	3	119	119	34.78	8.09	X:hsa;hsa-mir-891b,146001063,146001084,-	34.78162255976959	8.092601668748868
hsa-miR-421	4	119	119	34.78	8.09	X:hsa;hsa-mir-421,74218424,74218446,-	34.78162255976959	8.092601668748868
hsa-miR-934	6	118	118	34.49	8.02	X:hsa;hsa-mir-934,136550892,136550913,+	34.48934001725052	8.024596612708962
hsa-miR-4728-3p	5	118	118	34.49	8.02	17:hsa;hsa-mir-4728,39726537,39726561,+	34.48934001725052	8.024596612708962
hsa-miR-1304-3p	1	116	116	33.9	7.89	11:hsa;hsa-mir-1304,93733726,93733747,-	33.90477493221237	7.888586500629149
hsa-miR-6786-3p	5	113	113	33.03	7.68	17:hsa;hsa-mir-6786,81693844,81693866,+	33.02792730465516	7.68457133250943
hsa-miR-1296-5p	5	110	110	32.15	7.48	10:hsa;hsa-mir-1296,63372972,63372993,-	32.15107967709794	7.48055616438971
hsa-miR-210-5p	3	109	109	31.86	7.41	11:hsa;hsa-mir-210,568116,568137,-	31.858797134578868	7.4125511083498035
hsa-miR-628-3p	3	109	109	31.86	7.41	15:hsa;hsa-mir-628,55373000,55373020,-	31.858797134578868	7.4125511083498035
hsa-miR-106a-5p	4	108	54	31.57	7.34	X:hsa;hsa-mir-106a,134170210,134170232,-	15.783257296029898	3.6722730261549485
hsa-miR-452-5p	4	105	105	30.69	7.14	X:hsa;hsa-mir-452,151959641,151959662,-	30.689666964502578	7.140530884190178
hsa-miR-29a-5p	2	103	103	30.11	7	7:hsa;hsa-mir-29a,130876750,130876771,-	30.105101879464435	7.004520772110365
hsa-miR-514a-3p	4	102	20.4	29.81	6.94	X:hsa;hsa-mir-514a-1,147279305,147279325,-	5.962563867389072	1.3873031432140916
hsa-miR-514a-3p	4	102	20.4	29.81	6.94	X:hsa;hsa-mir-514a-3,147284694,147284714,-	5.962563867389072	1.3873031432140916
hsa-miR-514a-3p	4	102	20.4	29.81	6.94	X:hsa;hsa-mir-514a-2,147284694,147284714,-	5.962563867389072	1.3873031432140916
hsa-miR-514a-3p	4	102	20.4	29.81	6.94	X:hsa;hsa-mir-514a-2,147281996,147282016,-	5.962563867389072	1.3873031432140916
hsa-miR-514a-3p	4	102	20.4	29.81	6.94	X:hsa;hsa-mir-514a-3,147281996,147282016,-	5.962563867389072	1.3873031432140916
hsa-miR-625-3p	7	101	101	29.52	6.87	14:hsa;hsa-mir-625,65471153,65471174,+	29.520536794426288	6.868510660030552
hsa-miR-425-3p	4	100	100	29.23	6.8	3:hsa;hsa-mir-425,49020202,49020223,-	29.228254251907217	6.800505603990645
hsa-miR-548e-3p	3	97	97	28.35	6.6	10:hsa;hsa-mir-548e,110988978,110988999,+	28.351406624350002	6.596490435870926
hsa-miR-769-5p	5	94	94	27.47	6.39	19:hsa;hsa-mir-769,46018961,46018982,+	27.474558996792783	6.392475267751207
hsa-miR-629-5p	4	93	93	27.18	6.32	15:hsa;hsa-mir-629,70079393,70079413,-	27.182276454273712	6.324470211711301
hsa-miR-149-3p	2	90	90	26.31	6.12	2:hsa;hsa-mir-149,240456056,240456076,+	26.305428826716497	6.120455043591581
hsa-miR-1-3p	1	84	42	24.55	5.71	18:hsa;hsa-mir-1-2,21829056,21829077,-	12.275866785801032	2.8562123536760713
hsa-miR-335-3p	5	84	84	24.55	5.71	7:hsa;hsa-mir-335,130496162,130496183,+	24.551733571602064	5.712424707352143
hsa-miR-1-3p	1	84	42	24.55	5.71	20:hsa;hsa-mir-1-1,62554351,62554372,+	12.275866785801032	2.8562123536760713
hsa-miR-210-3p	4	78	78	22.8	5.3	11:hsa;hsa-mir-210,568154,568175,-	22.79803831648763	5.3043943711127035
hsa-miR-522-3p	1	78	78	22.8	5.3	19:hsa;hsa-mir-522,53751264,53751285,+	22.79803831648763	5.3043943711127035
hsa-miR-6827-3p	1	77	77	22.51	5.24	3:hsa;hsa-mir-6827,134367842,134367862,-	22.505755773968556	5.236389315072797
hsa-miR-195-5p	5	75	73	21.92	5.1	17:hsa;hsa-mir-195,7017629,7017649,-	21.33662560389227	4.964369090913172
hsa-miR-501-5p	4	71	71	20.75	4.83	X:hsa;hsa-mir-501,50009735,50009756,+	20.752060518854126	4.828358978833358
hsa-miR-6858-5p	1	71	71	20.75	4.83	X:hsa;hsa-mir-6858,154450320,154450341,+	20.752060518854126	4.828358978833358
hsa-miR-5010-3p	4	70	70	20.46	4.76	17:hsa;hsa-mir-5010,42514267,42514288,+	20.45977797633505	4.760353922793452
hsa-miR-1249-3p	6	69	69	20.17	4.69	22:hsa;hsa-mir-1249,45200994,45201015,-	20.16749543381598	4.692348866753545
hsa-miR-21-3p	3	68	68	19.88	4.62	17:hsa;hsa-mir-21,59841311,59841331,+	19.875212891296908	4.624343810713639
hsa-miR-6793-5p	3	68	68	19.88	4.62	19:hsa;hsa-mir-6793,10828978,10828999,+	19.875212891296908	4.624343810713639
hsa-miR-32-5p	3	68	68	19.88	4.62	9:hsa;hsa-mir-32,109046234,109046255,-	19.875212891296908	4.624343810713639
hsa-miR-6511a-3p	3	67	4.19	19.58	4.56	16:hsa;hsa-mir-6511a-3,18344056,18344077,-	1.2239331467986148	0.2847711721671083
hsa-miR-6511a-3p	3	67	4.19	19.58	4.56	16:hsa;hsa-mir-6511a-3,14925980,14926001,+	1.2239331467986148	0.2847711721671083
hsa-miR-6511a-3p	3	67	4.19	19.58	4.56	16:hsa;hsa-mir-6511a-1,18344056,18344077,-	1.2239331467986148	0.2847711721671083
hsa-miR-6511a-3p	3	67	4.19	19.58	4.56	16:hsa;hsa-mir-6511a-4,16324631,16324652,+	1.2239331467986148	0.2847711721671083
hsa-miR-6511a-3p	3	67	4.19	19.58	4.56	16:hsa;hsa-mir-6511a-4,18344056,18344077,-	1.2239331467986148	0.2847711721671083
hsa-miR-6511a-3p	3	67	4.19	19.58	4.56	16:hsa;hsa-mir-6511a-1,14925980,14926001,+	1.2239331467986148	0.2847711721671083
hsa-miR-6511a-3p	3	67	4.19	19.58	4.56	16:hsa;hsa-mir-6511a-1,16368919,16368940,+	1.2239331467986148	0.2847711721671083
hsa-miR-6511a-3p	3	67	4.19	19.58	4.56	16:hsa;hsa-mir-6511a-2,16368919,16368940,+	1.2239331467986148	0.2847711721671083
hsa-miR-6511a-3p	3	67	4.19	19.58	4.56	16:hsa;hsa-mir-6511a-3,16324631,16324652,+	1.2239331467986148	0.2847711721671083
hsa-miR-6511a-3p	3	67	4.19	19.58	4.56	16:hsa;hsa-mir-6511a-4,16368919,16368940,+	1.2239331467986148	0.2847711721671083
hsa-miR-6511a-3p	3	67	4.19	19.58	4.56	16:hsa;hsa-mir-6511a-2,18344056,18344077,-	1.2239331467986148	0.2847711721671083
hsa-miR-6511a-3p	3	67	4.19	19.58	4.56	16:hsa;hsa-mir-6511a-1,16324631,16324652,+	1.2239331467986148	0.2847711721671083
hsa-miR-6511a-3p	3	67	4.19	19.58	4.56	16:hsa;hsa-mir-6511a-2,14925980,14926001,+	1.2239331467986148	0.2847711721671083
hsa-miR-6511a-3p	3	67	4.19	19.58	4.56	16:hsa;hsa-mir-6511a-2,16324631,16324652,+	1.2239331467986148	0.2847711721671083
hsa-miR-6511a-3p	3	67	4.19	19.58	4.56	16:hsa;hsa-mir-6511a-3,16368919,16368940,+	1.2239331467986148	0.2847711721671083
hsa-miR-6511a-3p	3	67	4.19	19.58	4.56	16:hsa;hsa-mir-6511a-4,14925980,14926001,+	1.2239331467986148	0.2847711721671083
hsa-miR-551b-3p	2	66	66	19.29	4.49	3:hsa;hsa-mir-551b,168551914,168551934,+	19.290647806258765	4.488333698633826
hsa-miR-148a-5p	4	66	66	19.29	4.49	7:hsa;hsa-mir-148a,25949924,25949945,-	19.290647806258765	4.488333698633826
hsa-miR-409-3p	3	61	61	17.83	4.15	14:hsa;hsa-mir-409,101065346,101065367,+	17.829235093663403	4.1483084184342935
hsa-miR-3173-3p	2	61	61	17.83	4.15	14:hsa;hsa-mir-3173,95137961,95137982,-	17.829235093663403	4.1483084184342935
hsa-miR-505-5p	2	57	57	16.66	3.88	X:hsa;hsa-mir-505,139924162,139924183,-	16.660104923587113	3.876288194274668
hsa-miR-92b-5p	1	57	57	16.66	3.88	1:hsa;hsa-mir-92b,155195196,155195217,+	16.660104923587113	3.876288194274668
hsa-miR-26a-2-3p	3	53	53	15.49	3.6	12:hsa;hsa-mir-26a-2,57824660,57824681,-	15.490974753510825	3.604267970115042
hsa-miR-1306-5p	3	52	52	15.2	3.54	22:hsa;hsa-mir-1306,20086072,20086093,+	15.198692210991753	3.536262914075136
hsa-miR-513c-5p	3	51	51	14.91	3.47	X:hsa;hsa-mir-513c,147189717,147189738,-	14.906409668472682	3.468257858035229
hsa-miR-24-1-5p	2	49	49	14.32	3.33	9:hsa;hsa-mir-24-1,95086027,95086048,+	14.321844583434537	3.3322477459554163
hsa-miR-330-3p	3	49	49	14.32	3.33	19:hsa;hsa-mir-330,45639050,45639072,-	14.321844583434537	3.3322477459554163
hsa-miR-369-3p	1	48	48	14.03	3.26	14:hsa;hsa-mir-369,101065641,101065661,+	14.029562040915465	3.26424268991551
hsa-miR-6761-3p	2	47	47	13.74	3.2	12:hsa;hsa-mir-6761,111799882,111799903,+	13.737279498396392	3.1962376338756036
hsa-miR-6511b-3p	3	47	11.75	13.74	3.2	16:hsa;hsa-mir-6511b-1,2106721,2106743,-	3.434319874599098	0.7990594084689009
hsa-miR-6511b-3p	3	47	11.75	13.74	3.2	16:hsa;hsa-mir-6511b-1,15134118,15134140,-	3.434319874599098	0.7990594084689009
hsa-miR-6511b-3p	3	47	11.75	13.74	3.2	16:hsa;hsa-mir-6511b-2,2106725,2106747,-	3.434319874599098	0.7990594084689009
hsa-miR-6511b-3p	3	47	11.75	13.74	3.2	16:hsa;hsa-mir-6511b-2,15134122,15134144,-	3.434319874599098	0.7990594084689009
hsa-miR-450a-5p	2	46	23	13.44	3.13	X:hsa;hsa-mir-450a-2,134540530,134540551,-	6.72249847793866	1.5641162889178484
hsa-miR-450a-5p	2	46	23	13.44	3.13	X:hsa;hsa-mir-450a-1,134540358,134540379,-	6.72249847793866	1.5641162889178484
hsa-miR-135a-5p	2	46	22.83	13.44	3.13	3:hsa;hsa-mir-135a-1,52294235,52294257,-	6.673784720852147	1.5527821129111974
hsa-miR-135a-5p	2	46	22.83	13.44	3.13	12:hsa;hsa-mir-135a-2,97563834,97563856,+	6.673784720852147	1.5527821129111974
hsa-miR-653-3p	4	45	45	13.15	3.06	7:hsa;hsa-mir-653,93482810,93482831,-	13.152714413358249	3.0602275217957904
hsa-miR-92a-1-5p	1	42	42	12.28	2.86	13:hsa;hsa-mir-92a-1,91351324,91351346,+	12.275866785801032	2.8562123536760713
hsa-miR-942-5p	3	40	40	11.69	2.72	1:hsa;hsa-mir-942,117094655,117094676,+	11.691301700762887	2.720202241596258
hsa-miR-4510	12	39	20.5	11.4	2.65	15:hsa;hsa-mir-4510,35926863,35926884,+	5.991792121640979	1.3941036488180822
hsa-miR-766-3p	2	39	39	11.4	2.65	X:hsa;hsa-mir-766,119646802,119646823,-	11.399019158243815	2.6521971855563518
hsa-miR-1271-5p	1	39	39	11.4	2.65	5:hsa;hsa-mir-1271,176367960,176367981,+	11.399019158243815	2.6521971855563518
hsa-miR-1468-5p	2	39	39	11.4	2.65	X:hsa;hsa-mir-1468,63786014,63786034,-	11.399019158243815	2.6521971855563518
hsa-miR-195-3p	1	36	36	10.52	2.45	17:hsa;hsa-mir-195,7017667,7017688,-	10.522171530686599	2.448182017436632
hsa-miR-153-3p	1	36	18	10.52	2.45	2:hsa;hsa-mir-153-1,219294164,219294185,-	5.261085765343299	1.224091008718316
hsa-miR-1307-5p	1	36	36	10.52	2.45	10:hsa;hsa-mir-1307,103394293,103394313,-	10.522171530686599	2.448182017436632
hsa-miR-153-3p	1	36	18	10.52	2.45	7:hsa;hsa-mir-153-2,157574388,157574409,-	5.261085765343299	1.224091008718316
hsa-miR-542-3p	2	35	35	10.23	2.38	X:hsa;hsa-mir-542,134541393,134541414,-	10.229888988167525	2.380176961396726
hsa-miR-187-5p	1	35	35	10.23	2.38	18:hsa;hsa-mir-187,35904852,35904873,-	10.229888988167525	2.380176961396726
hsa-miR-9985	8	32	12.83	9.35	2.18	Y:hsa;hsa-mir-9985,4606140,4606158,+	3.750959295661426	0.8727315525121327
hsa-miR-326	2	31	31	9.06	2.11	11:hsa;hsa-mir-326,75335151,75335170,-	9.060758818091237	2.1081567372371
hsa-miR-339-3p	2	30	30	8.77	2.04	7:hsa;hsa-mir-339,1022982,1023004,-	8.768476275572166	2.0401516811971936
hsa-miR-576-5p	3	30	30	8.77	2.04	4:hsa;hsa-mir-576,109488713,109488734,+	8.768476275572166	2.0401516811971936
hsa-miR-4326	1	29	29	8.48	1.97	20:hsa;hsa-mir-4326,63286818,63286837,+	8.476193733053092	1.9721466251572872
hsa-miR-664b-5p	1	29	29	8.48	1.97	X:hsa;hsa-mir-664b,154768596,154768619,+	8.476193733053092	1.9721466251572872
hsa-miR-331-5p	2	28	28	8.18	1.9	12:hsa;hsa-mir-331,95308445,95308466,+	8.18391119053402	1.9041415691173809
hsa-miR-499a-5p	1	28	28	8.18	1.9	20:hsa;hsa-mir-499a,34990408,34990428,+	8.18391119053402	1.9041415691173809
hsa-miR-3179	2	27	1.69	7.89	1.84	16:hsa;hsa-mir-3179-4,18411945,18411966,-	0.4932267905009343	0.11475853206734214
hsa-miR-3179	2	27	1.69	7.89	1.84	16:hsa;hsa-mir-3179-1,18411945,18411966,-	0.4932267905009343	0.11475853206734214
hsa-miR-3179	2	27	1.69	7.89	1.84	16:hsa;hsa-mir-3179-3,18411945,18411966,-	0.4932267905009343	0.11475853206734214
hsa-miR-3179	2	27	1.69	7.89	1.84	16:hsa;hsa-mir-3179-1,16300210,16300231,+	0.4932267905009343	0.11475853206734214
hsa-miR-3179	2	27	1.69	7.89	1.84	16:hsa;hsa-mir-3179-2,18411945,18411966,-	0.4932267905009343	0.11475853206734214
hsa-miR-3179	2	27	1.69	7.89	1.84	16:hsa;hsa-mir-3179-3,18494544,18494565,-	0.4932267905009343	0.11475853206734214
hsa-miR-3179	2	27	1.69	7.89	1.84	16:hsa;hsa-mir-3179-2,14901559,14901580,+	0.4932267905009343	0.11475853206734214
hsa-miR-3179	2	27	1.69	7.89	1.84	16:hsa;hsa-mir-3179-3,16300210,16300231,+	0.4932267905009343	0.11475853206734214
hsa-miR-3179	2	27	1.69	7.89	1.84	16:hsa;hsa-mir-3179-4,16300210,16300231,+	0.4932267905009343	0.11475853206734214
hsa-miR-3179	2	27	1.69	7.89	1.84	16:hsa;hsa-mir-3179-2,16300210,16300231,+	0.4932267905009343	0.11475853206734214
hsa-miR-3179	2	27	1.69	7.89	1.84	16:hsa;hsa-mir-3179-1,14901559,14901580,+	0.4932267905009343	0.11475853206734214
hsa-miR-3179	2	27	1.69	7.89	1.84	16:hsa;hsa-mir-3179-2,18494544,18494565,-	0.4932267905009343	0.11475853206734214
hsa-miR-3179	2	27	1.69	7.89	1.84	16:hsa;hsa-mir-3179-1,18494544,18494565,-	0.4932267905009343	0.11475853206734214
hsa-miR-3179	2	27	1.69	7.89	1.84	16:hsa;hsa-mir-3179-3,14901559,14901580,+	0.4932267905009343	0.11475853206734214
hsa-miR-3179	2	27	1.69	7.89	1.84	16:hsa;hsa-mir-3179-4,18494544,18494565,-	0.4932267905009343	0.11475853206734214
hsa-miR-3179	2	27	1.69	7.89	1.84	16:hsa;hsa-mir-3179-4,14901559,14901580,+	0.4932267905009343	0.11475853206734214
hsa-miR-223-3p	3	25	25	7.31	1.7	X:hsa;hsa-mir-223,66018937,66018958,+	7.307063562976804	1.7001264009976613
hsa-miR-454-3p	1	25	25	7.31	1.7	17:hsa;hsa-mir-454,59137821,59137843,-	7.307063562976804	1.7001264009976613
hsa-miR-141-5p	1	23	23	6.72	1.56	12:hsa;hsa-mir-141,6964113,6964134,+	6.72249847793866	1.5641162889178484
hsa-miR-29c-5p	1	23	23	6.72	1.56	1:hsa;hsa-mir-29c,207801867,207801888,-	6.72249847793866	1.5641162889178484
hsa-miR-324-5p	1	22	22	6.43	1.5	17:hsa;hsa-mir-324,7223312,7223333,-	6.430215935419588	1.496111232877942
hsa-miR-224-3p	1	21	21	6.14	1.43	X:hsa;hsa-mir-224,151958630,151958652,-	6.137933392900516	1.4281061768380356
hsa-miR-135a-2-3p	3	21	21	6.14	1.43	12:hsa;hsa-mir-135a-2,97563872,97563893,+	6.137933392900516	1.4281061768380356
hsa-miR-642a-3p	1	21	21	6.14	1.43	19:hsa;hsa-mir-642a,45674978,45674999,+	6.137933392900516	1.4281061768380356
hsa-miR-6730-5p	2	21	21	6.14	1.43	1:hsa;hsa-mir-6730,12578962,12578984,-	6.137933392900516	1.4281061768380356
hsa-miR-3065-3p	1	21	21	6.14	1.43	17:hsa;hsa-mir-3065,81125926,81125948,+	6.137933392900516	1.4281061768380356
hsa-miR-20b-5p	1	19	19	5.55	1.29	X:hsa;hsa-mir-20b,134169814,134169836,-	5.553368307862371	1.2920960647582227
hsa-miR-4753-3p	1	19	19	5.55	1.29	1:hsa;hsa-mir-4753,235190089,235190110,-	5.553368307862371	1.2920960647582227
hsa-miR-211-5p	6	19	9.5	5.55	1.29	15:hsa;hsa-mir-211,31065057,31065078,-	2.7766841539311855	0.6460480323791113
hsa-miR-138-2-3p	1	19	19	5.55	1.29	16:hsa;hsa-mir-138-2,56858574,56858595,+	5.553368307862371	1.2920960647582227
hsa-miR-20a-3p	1	17	17	4.97	1.16	13:hsa;hsa-mir-20a,91351108,91351129,+	4.968803222824227	1.1560859526784097
hsa-miR-12125	1	17	17	4.97	1.16	5:hsa;hsa-mir-12125,168165895,168165916,+	4.968803222824227	1.1560859526784097
hsa-miR-503-5p	1	15	15	4.38	1.02	X:hsa;hsa-mir-503,134546333,134546355,-	4.384238137786083	1.0200758405985968
hsa-miR-3173-5p	1	15	15	4.38	1.02	14:hsa;hsa-mir-3173,95137923,95137944,-	4.384238137786083	1.0200758405985968
hsa-miR-493-5p	1	14	14	4.09	0.95	14:hsa;hsa-mir-493,100869075,100869096,+	4.09195559526701	0.9520707845586904
hsa-miR-221-5p	1	14	14	4.09	0.95	X:hsa;hsa-mir-221,45746181,45746202,-	4.09195559526701	0.9520707845586904
hsa-miR-516a-5p	1	14	7	4.09	0.95	19:hsa;hsa-mir-516a-1,53756756,53756778,+	2.045977797633505	0.4760353922793452
hsa-miR-329-3p	1	14	7	4.09	0.95	14:hsa;hsa-mir-329-2,101027151,101027172,+	2.045977797633505	0.4760353922793452
hsa-miR-516a-5p	1	14	7	4.09	0.95	19:hsa;hsa-mir-516a-2,53761148,53761170,+	2.045977797633505	0.4760353922793452
hsa-miR-329-3p	1	14	7	4.09	0.95	14:hsa;hsa-mir-329-1,101026834,101026855,+	2.045977797633505	0.4760353922793452
hsa-miR-15b-3p	1	13	13	3.8	0.88	3:hsa;hsa-mir-15b,160404645,160404666,+	3.7996730527479383	0.884065728518784
hsa-miR-17-3p	1	11	11	3.22	0.75	13:hsa;hsa-mir-17,91350655,91350676,+	3.215107967709794	0.748055616438971
hsa-miR-582-3p	1	11	11	3.22	0.75	5:hsa;hsa-mir-582,59703658,59703679,-	3.215107967709794	0.748055616438971
hsa-miR-129-5p	2	10	5	2.92	0.68	11:hsa;hsa-mir-129-2,43581408,43581428,+	1.4614127125953609	0.34002528019953226
hsa-miR-139-5p	1	10	10	2.92	0.68	11:hsa;hsa-mir-139,72615069,72615091,-	2.9228254251907217	0.6800505603990645
hsa-miR-129-5p	2	10	5	2.92	0.68	7:hsa;hsa-mir-129-1,128207876,128207896,+	1.4614127125953609	0.34002528019953226
hsa-let-7f-1-3p	1	9	4.5	2.63	0.61	9:hsa;hsa-let-7f-1,94176409,94176430,+	1.3152714413358249	0.306022752179579
hsa-miR-6720-5p	1	8	8	2.34	0.54	6:hsa;hsa-mir-6720,1390344,1390366,-	2.338260340152577	0.5440404483192517
hsa-miR-671-5p	1	7	7	2.05	0.48	7:hsa;hsa-mir-671,151238449,151238471,+	2.045977797633505	0.4760353922793452
hsa-miR-374c-5p	1	7	3.5	2.05	0.48	X:hsa;hsa-mir-374c,74218561,74218582,+	1.0229888988167526	0.2380176961396726
hsa-miR-138-5p	1	6	6	1.75	0.41	3:hsa;hsa-mir-138-1,44114234,44114256,+	1.7536952551144331	0.40803033623943874
hsa-miR-486-5p	2	6	3	1.75	0.41	8:hsa;hsa-mir-486-1,41660444,41660465,-	0.8768476275572166	0.20401516811971937
hsa-miR-23c	5	6	5.5	1.75	0.41	X:hsa;hsa-mir-23c,20017153,20017174,-	1.607553983854897	0.3740278082194855
hsa-miR-486-5p	2	6	3	1.75	0.41	8:hsa;hsa-mir-486-2,41660444,41660465,+	0.8768476275572166	0.20401516811971937
hsa-miR-9898	1	5	5	1.46	0.34	12:hsa;hsa-mir-9898,52898949,52898970,-	1.4614127125953609	0.34002528019953226
hsa-miR-4429	3	4	4	1.17	0.27	2:hsa;hsa-mir-4429,11540611,11540630,-	1.1691301700762886	0.27202022415962585
hsa-miR-320e	4	4	2.75	1.17	0.27	19:hsa;hsa-mir-320e,46709325,46709342,-	0.8037769919274484	0.18701390410974275
hsa-miR-338-5p	1	3	3	0.88	0.2	17:hsa;hsa-mir-338,81125888,81125909,-	0.8768476275572166	0.20401516811971937
hsa-miR-10527-5p	1	3	3	0.88	0.2	12:hsa;hsa-mir-10527,63823663,63823685,+	0.8768476275572166	0.20401516811971937
hsa-miR-500b-3p	1	2	1	0.58	0.14	X:hsa;hsa-mir-500b,50010722,50010741,+	0.29228254251907215	0.06800505603990646
hsa-miR-6863	1	2	2	0.58	0.14	16:hsa;hsa-mir-6863,56904327,56904349,+	0.5845650850381443	0.13601011207981292
hsa-miR-215-5p	2	2	2	0.58	0.14	1:hsa;hsa-mir-215,220117879,220117899,-	0.5845650850381443	0.13601011207981292
hsa-miR-143-3p	2	2	2	0.58	0.14	5:hsa;hsa-mir-143,149428978,149428998,+	0.5845650850381443	0.13601011207981292
hsa-miR-378i	2	2	2	0.58	0.14	22:hsa;hsa-mir-378i,41923228,41923248,-	0.5845650850381443	0.13601011207981292
hsa-miR-3960	1	1	1	0.29	0.07	9:hsa;hsa-mir-3960,127785879,127785898,+	0.29228254251907215	0.06800505603990646
hsa-miR-124-3p	1	1	0.33	0.29	0.07	8:hsa;hsa-mir-124-2,64379210,64379231,+	0.09742751417302405	0.02266835201330215
hsa-miR-124-3p	1	1	0.33	0.29	0.07	8:hsa;hsa-mir-124-1,9903440,9903461,-	0.09742751417302405	0.02266835201330215
hsa-miR-3605-3p	1	1	1	0.29	0.07	1:hsa;hsa-mir-3605,33332458,33332480,-	0.29228254251907215	0.06800505603990646
hsa-miR-4324	1	1	0.33	0.29	0.07	19:hsa;hsa-mir-4324,49308839,49308858,-	0.09742751417302405	0.02266835201330215
hsa-miR-6748-3p	1	1	1	0.29	0.07	11:hsa;hsa-mir-6748,62789865,62789885,+	0.29228254251907215	0.06800505603990646
hsa-miR-378g	1	1	1	0.29	0.07	1:hsa;hsa-mir-378g,94745861,94745880,-	0.29228254251907215	0.06800505603990646
hsa-miR-150-5p	1	1	1	0.29	0.07	19:hsa;hsa-mir-150,49500800,49500821,-	0.29228254251907215	0.06800505603990646
hsa-miR-19a-3p	1	1	0.33	0.29	0.07	13:hsa;hsa-mir-19a,91350939,91350961,+	0.09742751417302405	0.02266835201330215
hsa-miR-124-3p	1	1	0.33	0.29	0.07	20:hsa;hsa-mir-124-3,63178552,63178573,+	0.09742751417302405	0.02266835201330215
