name	unique reads 180322-190603_Brain_S36	180322-190603_Brain_S36	180322-190603_Brain_S36 (mult. map. adj.)	PM180322-190603_Brain_S36(lib)	180322-190603_Brain_S36 (total)	coordinateString 180322-190603_Brain_S36	180322-190603_Brain_S36 (lib)	180322-190603_Brain_S36 (total)
hsa-miR-9-5p	2229	751484	250748	145040.9	103305.25	1:hsa;hsa-mir-9-1,156420356,156420378,-	48395.85986763361	34469.90770239221
hsa-miR-9-5p	2229	751484	250748	145040.9	103305.25	5:hsa;hsa-mir-9-2,88666868,88666890,-	48395.85986763361	34469.90770239221
hsa-miR-9-5p	2179	750428	250452	144837.08	103160.08	15:hsa;hsa-mir-9-3,89368032,89368054,+	48338.73010180968	34429.217078020694
hsa-let-7a-5p	1444	597728	199712.19	115365.07	82168.67	9:hsa;hsa-let-7a-1,94175962,94175983,+	38545.64462875889	27454.100749868463
hsa-let-7a-5p	1430	597475	199504.53	115316.24	82133.89	22:hsa;hsa-let-7a-3,46112752,46112773,+	38505.56372323151	27425.553160923133
hsa-let-7a-5p	1393	596800	198746.03	115185.96	82041.1	11:hsa;hsa-let-7a-2,122146526,122146547,-	38359.168698307694	27321.283435971138
hsa-let-7f-5p	1080	390058	199078.89	75283.52	53620.62	X:hsa;hsa-let-7f-2,53557199,53557220,-	38423.41395073041	27367.042059278687
hsa-let-7f-5p	973	381665	190745.94	73663.62	52466.85	9:hsa;hsa-let-7f-1,94176353,94176374,+	36815.10488950564	26221.525375641555
hsa-miR-26a-5p	1399	349864	175510.5	67525.84	48095.22	12:hsa;hsa-mir-26a-2,57824622,57824643,-	33874.573529193214	24127.134556608973
hsa-miR-26a-5p	1336	348792	174444	67318.94	47947.85	3:hsa;hsa-mir-26a-1,37969413,37969434,+	33668.732666858	23980.52458737851
hsa-miR-128-3p	1655	331610	206668	64002.71	45585.87	2:hsa;hsa-mir-128-1,135665446,135665466,+	39888.156903041716	28410.30391085014
hsa-miR-128-3p	1335	271871	146929	52472.72	37373.65	3:hsa;hsa-mir-128-2,35744527,35744547,+	28358.173522785415	20198.083609060428
hsa-miR-30d-5p	1576	189615	188342.5	36596.83	26066.06	8:hsa;hsa-mir-30d,134804881,134804902,-	36351.22608004691	25891.12811044425
hsa-miR-9-3p	1125	173275	59375	33443.11	23819.82	1:hsa;hsa-mir-9-1,156420395,156420416,-	11459.729208770237	8162.181831278889
hsa-miR-9-3p	1125	173275	59375	33443.11	23819.82	5:hsa;hsa-mir-9-2,88666905,88666926,-	11459.729208770237	8162.181831278889
hsa-miR-9-3p	947	163715	54665	31597.97	22505.63	15:hsa;hsa-mir-9-3,89368071,89368092,+	10550.671110693485	7514.706017799763
hsa-miR-125b-5p	1050	137990	69151	26632.89	18969.25	11:hsa;hsa-mir-125b-1,122099771,122099792,-	13346.555528684836	9506.07218214333
hsa-miR-125b-5p	1022	137770	68931	26590.43	18939.01	21:hsa;hsa-mir-125b-2,16590253,16590274,+	13304.09421624813	9475.829150515856
hsa-let-7g-5p	895	136161	134436.84	26279.89	18717.82	3:hsa;hsa-let-7g,52268282,52268303,-	25947.112670734103	18480.807683756702
hsa-miR-30a-5p	1324	121413	119962	23433.43	16690.44	6:hsa;hsa-mir-30a,71403556,71403577,-	23153.381647873353	16490.97527315987
hsa-miR-125a-5p	1171	108528	108528	20946.55	14919.16	19:hsa;hsa-mir-125a,51693268,51693291,+	20946.55143695836	14919.162438484642
hsa-let-7b-5p	1195	91635	91050.63	17686.1	12596.91	22:hsa;hsa-let-7b,46113691,46113712,+	17573.315406939244	12516.57810728019
hsa-miR-92a-3p	1170	90888	48545.5	17541.93	12494.22	13:hsa;hsa-mir-92a-1,91351361,91351382,+	9369.571104073257	6673.468599416337
hsa-miR-100-5p	885	89633	89522.83	17299.7	12321.7	11:hsa;hsa-mir-100,122152241,122152262,-	17278.440892662882	12306.553999459931
hsa-miR-143-3p	808	86762	86762	16745.58	11927.03	5:hsa;hsa-mir-143,149428978,149428998,+	16745.583589243157	11927.026863922716
hsa-miR-92a-3p	987	85018	42675.5	16408.98	11687.28	X:hsa;hsa-mir-92a-2,134169585,134169606,-	8236.626085875689	5866.5295282650695
hsa-let-7c-5p	865	82050	78680.69	15836.14	11279.28	21:hsa;hsa-let-7c,16539838,16539859,+	15185.843100652966	10816.103102501036
hsa-miR-219a-2-3p	820	76768	76768	14816.68	10553.17	9:hsa;hsa-mir-219a-2,128392679,128392700,-	14816.681968822973	10553.168418081868
hsa-miR-124-3p	871	73552	24517.33	14195.97	10111.07	20:hsa;hsa-mir-124-3,63178552,63178573,+	4731.991594461504	3370.3567610061223
hsa-miR-124-3p	871	73552	24517.33	14195.97	10111.07	8:hsa;hsa-mir-124-2,64379210,64379231,+	4731.991594461504	3370.3567610061223
hsa-miR-124-3p	871	73552	24517.33	14195.97	10111.07	8:hsa;hsa-mir-124-1,9903440,9903461,-	4731.991594461504	3370.3567610061223
hsa-miR-181a-5p	867	61109	30557.58	11794.4	8400.55	1:hsa;hsa-mir-181a-1,198859067,198859089,-	5897.795878306135	4200.699814587304
hsa-miR-181a-5p	866	61084	30532.58	11789.58	8397.12	9:hsa;hsa-mir-181a-2,124692480,124692502,+	5892.9707291656005	4197.263106447818
hsa-miR-99b-5p	646	55305	55303.33	10674.19	7602.69	19:hsa;hsa-mir-99b,51692618,51692639,+	10673.873252081681	7602.456632294545
hsa-miR-27b-3p	652	54013	53536.67	10424.83	7425.08	9:hsa;hsa-mir-27b,95085505,95085525,+	10332.896046150556	7359.59592377088
hsa-miR-98-5p	437	41949	41264.65	8096.41	5766.66	X:hsa;hsa-mir-98,53556244,53556265,-	7964.3236192787435	5672.582341121323
hsa-miR-7-5p	771	41312	15493.33	7973.46	5679.09	15:hsa;hsa-mir-7-2,88611856,88611879,+	2990.3057606941234	2129.842590977363
hsa-let-7e-5p	613	40824	37910.55	7879.28	5612.01	19:hsa;hsa-let-7e,51692793,51692814,+	7316.962309988038	5211.499830295351
hsa-miR-7-5p	681	38784	12964.83	7485.54	5331.57	9:hsa;hsa-mir-7-1,83969771,83969794,-	2502.290176620435	1782.253929749768
hsa-miR-7-5p	682	38767	12947.83	7482.26	5329.23	19:hsa;hsa-mir-7-3,4770700,4770723,+	2499.0090752048714	1779.9169682149177
hsa-miR-26b-5p	452	34767	34715.5	6710.24	4779.36	2:hsa;hsa-mir-26b,218402657,218402677,+	6700.298599529414	4772.281656652787
hsa-let-7i-5p	540	34291	34164	6618.37	4713.93	12:hsa;hsa-let-7i,62603691,62603712,+	6593.855809489215	4696.467875095729
hsa-miR-103a-3p	509	32987	16502.33	6366.69	4534.67	20:hsa;hsa-mir-103a-2,3917541,3917563,+	3185.048780006079	2268.5481314869903
hsa-let-7d-5p	494	32741	31795.82	6319.21	4500.85	9:hsa;hsa-let-7d,94178841,94178862,+	6136.782298470729	4370.917677597277
hsa-miR-103a-3p	482	32735	16250.83	6318.05	4500.03	5:hsa;hsa-mir-103a-1,168560943,168560965,-	3136.5077796522987	2233.974847603763
hsa-miR-99a-5p	590	31837	31732.33	6144.73	4376.58	21:hsa;hsa-mir-99a,16539101,16539122,+	6124.529636419865	4362.190730061742
hsa-miR-191-5p	517	31658	31658	6110.18	4351.97	3:hsa;hsa-mir-191,49020633,49020655,-	6110.182859642008	4351.972251193672
hsa-miR-487b-3p	508	26898	26897	5191.47	3697.62	14:hsa;hsa-mir-487b,101046505,101046526,+	5191.281457318564	3697.485553109994
hsa-miR-151a-5p	189	25451	24964.5	4912.19	3498.71	8:hsa;hsa-mir-151a,140732574,140732594,-	4818.297428755225	3431.828013927741
hsa-miR-23b-3p	620	23944	23780.33	4621.33	3291.54	9:hsa;hsa-mir-23b,95085265,95085287,+	4589.74619779856	3269.042605054096
hsa-miR-92b-3p	689	22719	22717	4384.9	3123.14	1:hsa;hsa-mir-92b,155195237,155195258,+	4384.516521021147	3122.867952187966
hsa-miR-30c-5p	410	22542	11296.17	4350.74	3098.81	1:hsa;hsa-mir-30c-1,40757300,40757322,+	2180.227555320174	1552.8651171328654
hsa-miR-30c-5p	409	22514	11268.17	4345.34	3094.96	6:hsa;hsa-mir-30c-2,71376966,71376988,-	2174.8233882827753	1549.0160040166413
hsa-miR-29a-3p	562	21979	21902.17	4242.08	3021.42	7:hsa;hsa-mir-29a,130876788,130876809,-	4227.248826700651	3010.8541782283255
hsa-miR-181b-5p	700	21813	11263.75	4210.04	2998.6	9:hsa;hsa-mir-181b-2,124693725,124693747,+	2173.970945267949	1548.4088522453335
hsa-miR-181b-5p	649	21170	10621.42	4085.94	2910.2	1:hsa;hsa-mir-181b-1,198858908,198858930,-	2049.996780017142	1460.1083644481446
hsa-miR-320a-3p	589	19561	18874.93	3775.39	2689.02	8:hsa;hsa-mir-320a,22245007,22245028,-	3642.973814963357	2594.7048261456716
hsa-miR-129-5p	463	19266	9689	3718.45	2648.46	7:hsa;hsa-mir-129-1,128207876,128207896,+	1870.034800905661	1331.9306065391208
hsa-miR-129-5p	459	19196	9619	3704.94	2638.84	11:hsa;hsa-mir-129-2,43581408,43581428,+	1856.5243833121635	1322.3078237485604
hsa-miR-21-5p	401	18013	18013	3476.62	2476.22	17:hsa;hsa-mir-21,59841273,59841294,+	3476.6164587381227	2476.216948662316
hsa-miR-151a-3p	613	16591	16591	3202.16	2280.74	8:hsa;hsa-mir-151a,140732610,140732630,-	3202.1619756245045	2280.7369896883633
hsa-miR-126-3p	407	14134	14134	2727.95	1942.98	9:hsa;hsa-mir-126,136670653,136670674,+	2727.9463180927455	1942.9773137396978
hsa-miR-132-3p	326	14024	14024	2706.72	1927.86	17:hsa;hsa-mir-132,2049966,2049987,-	2706.7156618743925	1927.8557979259604
hsa-miR-101-3p	420	13783	7065.5	2660.2	1894.73	9:hsa;hsa-mir-101-2,4850345,4850365,+	1363.6836500979407	971.2824543814797
hsa-miR-146b-5p	337	13638	13637.5	2632.22	1874.79	10:hsa;hsa-mir-146b,102436520,102436542,+	2632.118856161725	1874.7242900895096
hsa-miR-101-3p	392	13456	6738.5	2597.09	1849.77	1:hsa;hsa-mir-101-1,65058480,65058500,-	1300.5706993397457	926.3303119170054
hsa-miR-139-5p	376	13336	13336	2573.93	1833.28	11:hsa;hsa-mir-139,72615069,72615091,-	2573.9275575268753	1833.2775899273108
hsa-miR-323a-3p	251	12072	12013	2329.97	1659.52	14:hsa;hsa-mir-323a,101025782,101025802,+	2318.5806650097747	1651.4069951857216
hsa-miR-16-5p	303	11992	6054.83	2314.53	1648.52	3:hsa;hsa-mir-16-2,160404754,160404775,+	1168.6189541765877	832.3477999958667
hsa-miR-16-5p	301	11976	6038.83	2311.44	1646.32	13:hsa;hsa-mir-16-1,50048986,50049007,-	1165.5308587266456	830.1483067865958
hsa-miR-338-5p	162	11948	11948	2306.04	1642.47	17:hsa;hsa-mir-338,81125888,81125909,-	2306.0352772443844	1642.4715540230586
hsa-miR-379-5p	286	11572	11572	2233.47	1590.78	14:hsa;hsa-mir-379,101022071,101022091,+	2233.465034170741	1590.783463605192
hsa-miR-95-3p	200	11559	11559	2230.96	1589	4:hsa;hsa-mir-95,8005349,8005370,-	2230.955956617663	1588.9963753726593
hsa-miR-218-5p	345	11181	5660.5	2158	1537.03	4:hsa;hsa-mir-218-1,20528299,20528319,+	1092.510268399886	778.1394569423773
hsa-miR-24-3p	286	11058	5570.5	2134.26	1520.12	9:hsa;hsa-mir-24-1,95086064,95086085,+	1075.1397314939607	765.7673076402283
hsa-miR-218-5p	325	11041	5520.5	2130.98	1517.79	5:hsa;hsa-mir-218-2,168768170,168768190,-	1065.489433212891	758.8938913612567
hsa-miR-24-3p	276	10975	5487.5	2118.24	1508.71	19:hsa;hsa-mir-24-2,13836336,13836357,-	1059.1202363473851	754.3574366171354
hsa-miR-340-5p	153	10816	10816	2087.55	1486.86	5:hsa;hsa-mir-340,180015318,180015339,-	2087.552524160969	1486.857409467141
hsa-miR-222-3p	455	9768	9768	1885.28	1342.79	X:hsa;hsa-mir-222,45747083,45747103,-	1885.282272189751	1342.7906042598959
hsa-miR-423-5p	293	9608	9608	1854.4	1320.8	17:hsa;hsa-mir-423,30117095,30117117,+	1854.4013176903284	1320.7956721671867
hsa-miR-423-3p	449	9538	9538	1840.89	1311.17	17:hsa;hsa-mir-423,30117131,30117153,+	1840.890900096831	1311.1728893766265
hsa-miR-451a	228	9537	9537	1840.7	1311.04	17:hsa;hsa-mir-451a,28861385,28861406,-	1840.6978941312095	1311.035421051047
hsa-miR-30e-5p	333	9463	9152.5	1826.42	1300.86	1:hsa;hsa-mir-30e,40754371,40754392,+	1766.4871003497847	1258.1788498657552
hsa-miR-221-3p	374	9196	9196	1774.88	1264.16	X:hsa;hsa-mir-221,45746221,45746243,-	1774.882859854315	1264.1587220284605
hsa-miR-329-3p	357	8849	4424.5	1707.91	1216.46	14:hsa;hsa-mir-329-2,101027151,101027172,+	853.9548948918462	608.2286065261987
hsa-miR-329-3p	357	8849	4424.5	1707.91	1216.46	14:hsa;hsa-mir-329-1,101026834,101026855,+	853.9548948918462	608.2286065261987
hsa-miR-140-3p	481	8566	8566	1653.29	1177.55	16:hsa;hsa-mir-140,69933142,69933162,+	1653.2891015128384	1177.553676913418
hsa-miR-584-5p	308	8520	8520	1644.41	1171.23	5:hsa;hsa-mir-584,149062328,149062349,-	1644.4108270942545	1171.2301339367643
hsa-miR-342-3p	369	8461	8461	1633.02	1163.12	14:hsa;hsa-mir-342,100109715,100109737,+	1633.0234751225923	1163.1195027275778
hsa-miR-1-3p	147	8030	4084	1549.84	1103.87	18:hsa;hsa-mir-1-2,21829056,21829077,-	788.2363635977624	561.420641666402
hsa-miR-1-3p	137	7893	3947	1523.4	1085.04	20:hsa;hsa-mir-1-1,62554351,62554372,+	761.7945463076318	542.5874810620197
hsa-miR-433-3p	228	7739	7739	1493.67	1063.87	14:hsa;hsa-mir-433,100881949,100881970,+	1493.6731679439479	1063.8673716592275
hsa-miR-127-3p	353	7208	7208	1391.19	990.87	14:hsa;hsa-mir-127,100883035,100883056,+	1391.187000198989	990.8716907765489
hsa-miR-485-5p	217	6673	6673	1287.93	917.33	14:hsa;hsa-mir-485,101055427,101055448,+	1287.9288085915446	917.3261365915525
hsa-miR-409-3p	275	6501	6501	1254.73	893.68	14:hsa;hsa-mir-409,101065346,101065367,+	1254.7317825046653	893.6815845918902
hsa-miR-369-3p	125	6383	6383	1231.96	877.46	14:hsa;hsa-mir-369,101065641,101065661,+	1231.9570785613412	877.4603221735172
hsa-miR-23a-3p	213	6252	6092.83	1206.67	859.45	19:hsa;hsa-mir-23a,13836631,13836651,-	1175.9531808702006	837.5715963678851
hsa-let-7d-3p	201	6159	6159	1188.72	846.67	9:hsa;hsa-let-7d,94178895,94178916,+	1188.7237422621495	846.6674172437242
hsa-miR-330-3p	331	6123	6123	1181.78	841.72	19:hsa;hsa-mir-330,45639050,45639072,-	1181.7755274997794	841.7185575228647
hsa-miR-125b-2-3p	307	6046	6046	1166.91	831.13	21:hsa;hsa-mir-125b-2,16590290,16590311,+	1166.9140681469323	831.1334964532484
hsa-miR-149-5p	218	5738	5738	1107.47	788.79	2:hsa;hsa-mir-149,240456015,240456037,+	1107.4682307355438	788.7932521747832
hsa-miR-93-5p	207	5411	5411	1044.36	743.84	7:hsa;hsa-mir-93,100093778,100093800,-	1044.3552799773488	743.8411097103088
hsa-miR-486-5p	194	5072	2556.5	978.93	697.24	8:hsa;hsa-mir-486-2,41660444,41660465,+	493.41975111108707	351.437774343819
hsa-miR-486-5p	189	5057	2541.5	976.03	695.18	8:hsa;hsa-mir-486-1,41660444,41660465,-	490.5246616267662	349.3757494601275
hsa-miR-769-5p	247	4847	4847	935.5	666.31	19:hsa;hsa-mir-769,46018961,46018982,+	935.499915366884	666.3089740835089
hsa-miR-204-5p	207	4571	4569.5	882.23	628.37	9:hsa;hsa-mir-204,70810007,70810028,-	881.9407599069478	628.1615137352164
hsa-miR-382-5p	153	4499	4499	868.33	618.47	14:hsa;hsa-mir-382,101054316,101054337,+	868.3338393306398	618.4699967818665
hsa-miR-885-5p	111	4480	4480	864.67	615.86	3:hsa;hsa-mir-885,10394499,10394520,-	864.6667259838333	615.8580985958572
hsa-miR-30a-3p	213	4244	4237.5	819.12	583.42	6:hsa;hsa-mir-30a,71403597,71403618,-	817.8627793206459	582.5220296428449
hsa-miR-25-3p	191	4181	4181	806.96	574.76	7:hsa;hsa-mir-25,100093611,100093632,-	806.9579422630374	574.7550692476069
hsa-miR-340-3p	169	3996	3996	771.25	549.32	5:hsa;hsa-mir-340,180015360,180015381,-	771.25183862308	549.323429015412
hsa-miR-1301-3p	260	3995	3995	771.06	549.19	2:hsa;hsa-mir-1301,25328687,25328710,-	771.0588326574585	549.1859606898325
hsa-miR-328-3p	160	3803	3803	734	522.79	16:hsa;hsa-mir-328,67202368,67202389,-	734.0016872581514	522.7920421785815
hsa-miR-495-3p	145	3737	3737	721.26	513.72	14:hsa;hsa-mir-495,101033804,101033825,+	721.2632935271396	513.7191326903389
hsa-miR-543	140	3719	3719	717.79	511.24	14:hsa;hsa-mir-543,101032033,101032054,+	717.7891861459545	511.24470282990916
hsa-miR-432-5p	233	3646	3646	703.7	501.21	14:hsa;hsa-mir-432,100884496,100884518,+	703.699750655593	501.2095150626106
hsa-miR-335-5p	117	3436	3436	663.17	472.34	7:hsa;hsa-mir-335,130496126,130496148,+	663.1684978751008	472.3411666909298
hsa-miR-22-3p	120	3200	3200	617.62	439.9	17:hsa;hsa-mir-22,1713955,1713976,-	617.6190899884524	439.8986418541837
hsa-miR-374b-5p	133	2960	2922.5	571.3	406.91	X:hsa;hsa-mir-374b,74218557,74218578,-	564.0599345285164	401.7511815058912
hsa-miR-186-5p	116	2942	2942	567.82	404.43	1:hsa;hsa-mir-186,71067645,71067666,-	567.8235508581334	404.4318138546902
hsa-miR-30e-3p	152	2890	2883.5	557.79	397.28	1:hsa;hsa-mir-30e,40754413,40754434,+	556.532701869282	396.3899168082934
hsa-miR-361-5p	100	2842	2842	548.52	390.68	X:hsa;hsa-mir-361,85903641,85903662,-	548.5229542959943	390.68498129674697
hsa-miR-132-5p	143	2813	2813	542.93	386.7	17:hsa;hsa-mir-132,2049930,2049951,-	542.925781292974	386.6983998549434
hsa-miR-185-5p	114	2808	2808	541.96	386.01	22:hsa;hsa-mir-185,20033153,20033174,+	541.960751464867	386.01105822704625
hsa-miR-28-3p	67	2772	2772	535.01	381.06	3:hsa;hsa-mir-28,188688834,188688855,+	535.0125367024968	381.0621985061867
hsa-miR-411-5p	121	2719	2719	524.78	373.78	14:hsa;hsa-mir-411,101023340,101023360,+	524.7832205245631	373.77637725047674
hsa-miR-197-3p	64	2690	2690	519.19	369.79	1:hsa;hsa-mir-197,109598940,109598961,+	519.1860475215428	369.7897958086732
hsa-miR-485-3p	118	2668	2668	514.94	366.77	14:hsa;hsa-mir-485,101055464,101055485,+	514.9399162778722	366.7654926459257
hsa-miR-361-3p	156	2622	2622	506.06	360.44	X:hsa;hsa-mir-361,85903680,85903702,-	506.06164185928816	360.4419496692718
hsa-miR-382-3p	103	2594	2594	500.66	356.59	14:hsa;hsa-mir-382,101054352,101054372,+	500.65747482188925	356.5928365530477
hsa-miR-29b-3p	141	2560	1251.17	494.1	351.92	7:hsa;hsa-mir-29b-1,130877509,130877531,-	241.48263065329743	171.99578668746648
hsa-miR-29b-3p	141	2560	1251.17	494.1	351.92	1:hsa;hsa-mir-29b-2,207802494,207802516,-	241.48263065329743	171.99578668746648
hsa-miR-27a-3p	163	2511	2101.67	484.64	345.18	19:hsa;hsa-mir-27a,13836490,13836510,-	405.63420441429093	288.91259759277386
hsa-miR-425-5p	165	2462	2462	475.18	338.45	3:hsa;hsa-mir-425,49020161,49020183,-	475.18068735986554	338.44701757656264
hsa-miR-338-3p	106	2398	2398	462.83	329.65	17:hsa;hsa-mir-338,81125924,81125945,-	462.8283055600965	329.64904473947894
hsa-miR-148b-3p	135	2336	2334	450.86	321.13	12:hsa;hsa-mir-148b,54337278,54337299,+	450.4759237603275	320.8510719023953
hsa-miR-195-5p	89	2214	2213.33	427.32	304.35	17:hsa;hsa-mir-195,7017629,7017649,-	427.18653724201295	304.2632272824771
hsa-miR-504-5p	94	2211	2211	426.74	303.94	X:hsa;hsa-mir-504,138667723,138667744,-	426.73618998889634	303.94246785612506
hsa-miR-874-3p	124	2112	2112	407.63	290.33	5:hsa;hsa-mir-874,137647618,137647639,-	407.6285993923786	290.33310362376125
hsa-miR-30b-5p	105	2095	2089.67	404.35	288	8:hsa;hsa-mir-30b,134800536,134800557,-	403.31813282683413	287.2629776858206
hsa-miR-370-3p	118	2048	2048	395.28	281.54	14:hsa;hsa-mir-370,100911186,100911207,+	395.27621759260956	281.5351307866776
hsa-miR-135a-5p	54	1962	992.33	378.68	269.71	12:hsa;hsa-mir-135a-2,97563834,97563856,+	191.52625321829404	136.4144017499901
hsa-miR-135a-5p	51	1938	968.33	374.05	266.41	3:hsa;hsa-mir-135a-1,52294235,52294257,-	186.89411004338066	133.11516193608372
hsa-miR-744-5p	105	1921	1921	370.76	264.08	17:hsa;hsa-mir-744,12081909,12081930,+	370.76445995869284	264.0766534380897
hsa-miR-335-3p	68	1892	1892	365.17	260.09	7:hsa;hsa-mir-335,130496162,130496183,+	365.16728695567247	260.09007199628616
hsa-miR-652-3p	86	1816	1816	350.5	249.64	X:hsa;hsa-mir-652,110055389,110055409,+	350.49883356844674	249.64247925224927
hsa-miR-145-5p	90	1814	1814	350.11	249.37	5:hsa;hsa-mir-145,149430661,149430683,+	350.112821637204	249.3675426010904
hsa-miR-139-3p	110	1811	1811	349.53	248.96	11:hsa;hsa-mir-139,72615105,72615127,-	349.5338037403398	248.95513762435212
hsa-miR-1180-3p	70	1747	1747	337.18	240.16	17:hsa;hsa-mir-1180,19344546,19344567,-	337.1814219405707	240.15716478726844
hsa-miR-889-3p	85	1672	1672	322.71	229.85	14:hsa;hsa-mir-889,101047949,101047969,+	322.7059745189664	229.847040368811
hsa-miR-598-3p	89	1658	1658	320	227.92	8:hsa;hsa-mir-598,11035266,11035287,-	320.0038910002669	227.92248381069896
hsa-let-7b-3p	110	1621	1621	312.86	222.84	22:hsa;hsa-let-7b,46113745,46113766,+	312.8626702722754	222.83615576425996
hsa-miR-126-5p	89	1615	1615	311.7	222.01	9:hsa;hsa-mir-126,136670616,136670636,+	311.70463447854706	222.01134581078335
hsa-miR-181a-2-3p	105	1532	1532	295.69	210.6	9:hsa;hsa-mir-181a-2,124692518,124692539,+	295.6851393319716	210.60147478769048
hsa-miR-29c-3p	116	1451	1341.5	280.05	199.47	1:hsa;hsa-mir-29c,207801905,207801926,-	258.9175028810965	184.41375876480856
hsa-miR-145-3p	92	1418	1418	273.68	194.93	5:hsa;hsa-mir-145,149430699,149430720,+	273.68245925113297	194.93008567163517
hsa-miR-151b	64	1416	929.5	273.3	194.66	14:hsa;hsa-mir-151b,100109478,100109495,-	179.39904504508328	127.77680862608244
hsa-miR-421	105	1407	1407	271.56	193.42	X:hsa;hsa-mir-421,74218424,74218446,-	271.5593936292977	193.4179340902614
hsa-miR-625-3p	104	1401	1401	270.4	192.59	14:hsa;hsa-mir-625,65471153,65471174,+	270.40135783556934	192.5931241367848
hsa-miR-99b-3p	109	1387	1387	267.7	190.67	19:hsa;hsa-mir-99b,51692656,51692677,+	267.69927431686983	190.66856757867276
hsa-miR-146a-5p	103	1371	1370.5	264.61	188.47	5:hsa;hsa-mir-146a,160485372,160485393,+	264.51467588411685	188.40034020661213
hsa-miR-346	79	1352	1352	260.94	185.86	10:hsa;hsa-mir-346,86264713,86264735,-	260.9440655201211	185.85717618339262
hsa-miR-628-3p	104	1350	1350	260.56	185.58	15:hsa;hsa-mir-628,55373000,55373020,-	260.55805358887835	185.58223953223376
hsa-miR-137-3p	95	1264	1264	243.96	173.76	1:hsa;hsa-mir-137,98046128,98046150,-	243.9595405454387	173.7599635324026
hsa-miR-107	136	1248	780.83	240.87	171.56	10:hsa;hsa-mir-107,89592796,89592818,-	150.70549148937002	107.33985088994032
hsa-miR-656-3p	49	1226	1226	236.63	168.54	14:hsa;hsa-mir-656,101066766,101066786,+	236.62531385182584	168.53616716038414
hsa-miR-212-5p	58	1218	1218	235.08	167.44	17:hsa;hsa-mir-212,2050301,2050323,-	235.0812661268547	167.4364205557487
hsa-miR-532-5p	80	1192	1192	230.06	163.86	X:hsa;hsa-mir-532,50003167,50003188,+	230.06311102069853	163.86224409068345
hsa-miR-323b-3p	53	1139	1080	219.83	156.58	14:hsa;hsa-mir-323b,101056269,101056290,+	208.44644287110268	148.465791625787
hsa-miR-152-3p	74	1066	1066	205.74	146.54	17:hsa;hsa-mir-152,48037214,48037234,-	205.7443593524032	146.54123506767496
hsa-miR-501-3p	67	1065	1058.33	205.55	146.4	X:hsa;hsa-mir-501,50009772,50009793,+	204.2646469493059	145.48731123823268
hsa-miR-320b	80	1049	272.01	202.46	144.2	1:hsa;hsa-mir-320b-2,224257080,224257101,-	52.49992033908538	37.39302108529109
hsa-miR-320b	78	1046	271.01	201.88	143.79	1:hsa;hsa-mir-320b-1,116671787,116671808,+	52.306914373463975	37.25555275971165
hsa-miR-203a-3p	77	1032	1032	199.18	141.87	14:hsa;hsa-mir-203a,104117469,104117490,+	199.18215652127589	141.86731199797427
hsa-miR-223-3p	71	1030	1030	198.8	141.59	X:hsa;hsa-mir-223,66018937,66018958,+	198.79614459003312	141.5923753468154
hsa-miR-28-5p	38	961	961	185.48	132.11	3:hsa;hsa-mir-28,188688794,188688815,+	185.47873296215712	132.10706088183457
hsa-miR-365a-3p	46	947	473.5	182.78	130.18	16:hsa;hsa-mir-365a,14309340,14309361,+	91.38832472172882	65.09125216186125
hsa-miR-365b-3p	46	947	473.5	182.78	130.18	17:hsa;hsa-mir-365b,31575478,31575499,+	91.38832472172882	65.09125216186125
hsa-miR-148a-3p	85	945	943	182.39	129.91	7:hsa;hsa-mir-148a,25949962,25949983,-	182.00462558097206	129.63263102140476
hsa-miR-136-3p	86	937	937	180.85	128.81	14:hsa;hsa-mir-136,100884750,100884771,+	180.84658978724372	128.8078210679282
hsa-miR-378a-3p	26	896	895.5	172.93	123.17	5:hsa;hsa-mir-378a,149732867,149732888,+	172.83684221395598	123.10288555638174
hsa-miR-363-3p	74	896	896	172.93	123.17	X:hsa;hsa-mir-363,134169427,134169448,-	172.93334519676668	123.17161971917145
hsa-let-7a-3p	69	886	443	171	121.8	22:hsa;hsa-let-7a-3,46112800,46112820,+	85.50164277027638	60.89846823168856
hsa-let-7a-3p	69	886	443	171	121.8	9:hsa;hsa-let-7a-1,94176013,94176033,+	85.50164277027638	60.89846823168856
hsa-miR-3613-5p	25	875	875	168.88	120.28	13:hsa;hsa-mir-3613,49996430,49996451,-	168.88021991871744	120.28478488200336
hsa-miR-15b-5p	51	870	870	167.92	119.6	3:hsa;hsa-mir-15b,160404607,160404628,+	167.9151900906105	119.59744325410621
hsa-miR-484	72	831	831	160.39	114.24	16:hsa;hsa-mir-484,15643301,15643322,+	160.38795743137624	114.23617855650834
hsa-miR-454-3p	64	822	822	158.65	113	17:hsa;hsa-mir-454,59137821,59137843,-	158.65090374078372	112.99896362629345
hsa-miR-383-5p	54	803	803	154.98	110.39	8:hsa;hsa-mir-383,14853444,14853465,-	154.98379039397727	110.38706544028423
hsa-miR-221-5p	71	775	775	149.58	106.54	X:hsa;hsa-mir-221,45746181,45746202,-	149.5796233565783	106.53795232406013
hsa-miR-654-3p	82	769	769	148.42	105.71	14:hsa;hsa-mir-654,101040269,101040290,+	148.42158756284996	105.71314237058353
hsa-miR-181d-5p	88	767	707.67	148.04	105.44	19:hsa;hsa-mir-181d,13874910,13874932,+	136.58388833807143	97.2817517350451
hsa-miR-574-3p	55	767	767	148.04	105.44	4:hsa;hsa-mir-574,38868092,38868113,+	148.03557563160717	105.43820571942467
hsa-miR-182-5p	66	761	761	146.88	104.61	7:hsa;hsa-mir-182,129770405,129770428,-	146.87753983787883	104.61339576594807
hsa-miR-374a-5p	41	752	745	145.14	103.38	X:hsa;hsa-mir-374a,74287297,74287318,-	143.78944438793658	102.41390255667716
hsa-miR-199a-3p	69	735	283.67	141.86	101.04	1:hsa;hsa-mir-199a-2,172144604,172144625,-	54.749358914601345	38.99518168936566
hsa-miR-150-5p	59	730	730	140.89	100.35	19:hsa;hsa-mir-150,49500800,49500821,-	140.8943549036157	100.35187767298567
hsa-miR-1249-3p	54	727	727	140.32	99.94	22:hsa;hsa-mir-1249,45200994,45201015,-	140.31533700675152	99.93947269624736
hsa-miR-15a-5p	48	699	699	134.91	96.09	13:hsa;hsa-mir-15a,50049132,50049153,-	134.91116996935258	96.09035958002326
hsa-miR-331-3p	68	699	699	134.91	96.09	12:hsa;hsa-mir-331,95308480,95308500,+	134.91116996935258	96.09035958002326
hsa-miR-106b-5p	42	692	691.33	133.56	95.13	7:hsa;hsa-mir-106b,100094004,100094024,-	133.43145756625523	95.03643575058095
hsa-miR-760	58	688	688	132.79	94.58	1:hsa;hsa-mir-760,93846880,93846899,+	132.78810434751728	94.5782079986495
hsa-miR-134-5p	74	686	686	132.4	94.3	14:hsa;hsa-mir-134,101054694,101054715,+	132.40209241627448	94.30327134749064
hsa-miR-494-3p	40	677	677	130.67	93.07	14:hsa;hsa-mir-494,101029681,101029702,+	130.66503872568197	93.06605641727575
hsa-miR-199a-3p	60	677	225.67	130.67	93.07	19:hsa;hsa-mir-199a-1,10817472,10817493,-	43.55501290856071	31.022018805758623
hsa-miR-199b-3p	60	677	225.67	130.67	93.07	9:hsa;hsa-mir-199b,128244785,128244806,-	43.55501290856071	31.022018805758623
hsa-miR-129-1-3p	46	675	666	130.28	92.79	7:hsa;hsa-mir-129-1,128207920,128207941,+	128.54197310384666	91.55390483590199
hsa-miR-655-3p	52	662	662	127.77	91	14:hsa;hsa-mir-655,101049610,101049631,+	127.76994924136109	91.00403153358427
hsa-miR-409-5p	62	659	659	127.19	90.59	14:hsa;hsa-mir-409,101065314,101065336,+	127.19093134449692	90.59162655684597
hsa-miR-138-5p	68	657	568	126.8	90.32	3:hsa;hsa-mir-138-1,44114234,44114256,+	109.6273884729503	78.08200892911762
hsa-miR-34a-5p	50	641	641	123.72	88.12	1:hsa;hsa-mir-34a,9151689,9151710,-	123.71682396331187	88.11719669641619
hsa-miR-106b-3p	54	629	629	121.4	86.47	7:hsa;hsa-mir-106b,100094044,100094065,-	121.40075237585518	86.467576789463
hsa-miR-320c	30	619	128.01	119.47	85.09	18:hsa;hsa-mir-320c-1,21683559,21683578,+	24.707061289605022	17.597582201852823
hsa-miR-708-5p	34	609	609	117.54	83.72	11:hsa;hsa-mir-708,79402032,79402054,-	117.54063306342735	83.71821027787435
hsa-miR-125b-1-3p	63	600	600	115.8	82.48	11:hsa;hsa-mir-125b-1,122099811,122099832,-	115.80357937283483	82.48099534765946
hsa-miR-320c	31	590	117.68	113.87	81.11	18:hsa;hsa-mir-320c-2,24321716,24321735,+	22.712666311517314	16.177076170865355
hsa-miR-502-3p	41	574	495.83	110.79	78.91	X:hsa;hsa-mir-502,50014649,50014670,+	95.69879128727322	68.16137809980191
hsa-miR-140-5p	40	569	569	109.82	78.22	16:hsa;hsa-mir-140,69933103,69933124,+	109.8203944385717	78.21947725469705
hsa-miR-130b-5p	28	551	551	106.35	75.75	22:hsa;hsa-mir-130b,21653316,21653336,+	106.34628705738665	75.74504739426726
hsa-miR-10b-5p	43	542	541	104.61	74.51	2:hsa;hsa-mir-10b,176150329,176150351,+	104.41622740117273	74.37036413847294
hsa-miR-500a-3p	63	531	450.83	102.49	73	X:hsa;hsa-mir-500a,50008482,50008503,+	87.0135228343106	61.975303448727445
hsa-miR-577	39	531	531	102.49	73	4:hsa;hsa-mir-577,114656774,114656794,+	102.48616774495882	72.99568088267861
hsa-miR-155-5p	53	530	530	102.29	72.86	21:hsa;hsa-mir-155,25573983,25574006,+	102.29316177933742	72.85821255709918
hsa-miR-412-5p	38	509	509	98.24	69.97	14:hsa;hsa-mir-412,101065465,101065487,+	98.24003650128822	69.9713777199311
hsa-miR-4510	55	508	273.9	98.05	69.83	15:hsa;hsa-mir-4510,35926863,35926884,+	52.86433398369909	37.65257437620654
hsa-miR-628-5p	38	493	493	95.15	67.77	15:hsa;hsa-mir-628,55372962,55372983,-	95.15194105134594	67.77188451066019
hsa-miR-192-5p	64	492	491.5	94.96	67.63	11:hsa;hsa-mir-192,64891160,64891180,-	94.86243210291386	67.56568202229103
hsa-miR-539-5p	40	489	489	94.38	67.22	14:hsa;hsa-mir-539,101047329,101047350,+	94.37991718886039	67.22201120834245
hsa-miR-493-5p	29	480	480	92.64	65.98	14:hsa;hsa-mir-493,100869075,100869096,+	92.64286349826786	65.98479627812756
hsa-miR-505-3p	53	477	477	92.06	65.57	X:hsa;hsa-mir-505,139924198,139924219,-	92.06384560140368	65.57239130138926
hsa-miR-369-5p	34	471	471	90.91	64.75	14:hsa;hsa-mir-369,101065606,101065627,+	90.90580980767534	64.74758134791267
hsa-miR-375-3p	38	468	468	90.33	64.34	2:hsa;hsa-mir-375,219001684,219001705,-	90.32679191081117	64.33517637117437
hsa-miR-374a-3p	33	467	467	90.13	64.2	X:hsa;hsa-mir-374a,74287327,74287348,-	90.13378594518977	64.19770804559494
hsa-miR-664a-3p	44	466	466	89.94	64.06	1:hsa;hsa-mir-664a,220200586,220200608,-	89.94077997956838	64.0602397200155
hsa-miR-181a-3p	48	456	454.5	88.01	62.69	1:hsa;hsa-mir-181a-1,198859107,198859128,-	87.72121137492238	62.479353975852035
hsa-miR-22-5p	30	453	453	87.43	62.27	17:hsa;hsa-mir-22,1713917,1713938,-	87.43170242649029	62.273151487482885
hsa-miR-31-5p	41	444	444	85.69	61.04	9:hsa;hsa-mir-31,21512122,21512142,-	85.69464873589777	61.035936557267995
hsa-miR-330-5p	46	438	438	84.54	60.21	19:hsa;hsa-mir-330,45639011,45639032,-	84.53661294216943	60.2111266037914
hsa-miR-129-2-3p	35	427	418	82.41	58.7	11:hsa;hsa-mir-129-2,43581450,43581471,+	80.6764936297416	57.46176009220275
hsa-miR-29b-2-5p	39	427	427	82.41	58.7	1:hsa;hsa-mir-29b-2,207802453,207802474,-	82.41354732033412	58.69897502241764
hsa-miR-664a-5p	36	405	405	78.17	55.67	1:hsa;hsa-mir-664a,220200548,220200571,-	78.16741607666351	55.674671859670134
hsa-miR-488-3p	34	403	403	77.78	55.4	1:hsa;hsa-mir-488,177029414,177029434,-	77.78140414542072	55.39973520851127
hsa-miR-183-5p	38	395	395	76.24	54.3	7:hsa;hsa-mir-183,129774931,129774952,-	76.23735642044959	54.2999886038758
hsa-miR-935	33	391	391	75.47	53.75	19:hsa;hsa-mir-935,53982362,53982384,+	75.46533255796403	53.750115301558075
hsa-miR-668-3p	38	383	383	73.92	52.65	14:hsa;hsa-mir-668,101055300,101055322,+	73.9212848329929	52.65036869692262
hsa-miR-20a-5p	26	365	364	70.45	50.18	13:hsa;hsa-mir-20a,91351072,91351094,+	70.25417148618646	50.0384705109134
hsa-miR-181c-5p	33	361	361	69.68	49.63	19:hsa;hsa-mir-181c,13874725,13874746,+	69.67515358932229	49.626065534175105
hsa-miR-411-3p	37	359	358.5	69.29	49.35	14:hsa;hsa-mir-411,101023375,101023396,+	69.19263867526881	49.28239472022652
hsa-miR-499a-5p	23	352	352	67.94	48.39	20:hsa;hsa-mir-499a,34990408,34990428,+	67.93809989872976	48.388850603960215
hsa-miR-410-3p	17	349	349	67.36	47.98	14:hsa;hsa-mir-410,101065961,101065981,+	67.35908200186559	47.97644562722191
hsa-miR-320d	21	343	74.93	66.2	47.15	13:hsa;hsa-mir-320d-1,40727857,40727875,-	14.461661281202828	10.300305252344618
hsa-miR-539-3p	22	338	338	65.24	46.46	14:hsa;hsa-mir-539,101047369,101047390,+	65.23601638003028	46.464294045848156
hsa-miR-17-5p	27	333	324.83	64.27	45.78	13:hsa;hsa-mir-17,91350618,91350640,+	62.69477116601529	44.65429442571896
hsa-miR-590-3p	23	330	330	63.69	45.36	7:hsa;hsa-mir-590,74191253,74191273,+	63.691968655059156	45.3645474412127
hsa-miR-3605-3p	44	329	329	63.5	45.23	1:hsa;hsa-mir-3605,33332458,33332480,-	63.49896268943776	45.227079115633266
hsa-miR-124-5p	38	327	109	63.11	44.95	20:hsa;hsa-mir-124-3,63178514,63178535,+	21.037650252731645	14.984047488158122
hsa-miR-320d	14	327	59.93	63.11	44.95	X:hsa;hsa-mir-320d-2,140926201,140926219,-	11.566571796881957	8.23828036865313
hsa-miR-124-5p	38	327	109	63.11	44.95	8:hsa;hsa-mir-124-2,64379173,64379194,+	21.037650252731645	14.984047488158122
hsa-miR-124-5p	38	327	109	63.11	44.95	8:hsa;hsa-mir-124-1,9903401,9903422,-	21.037650252731645	14.984047488158122
hsa-miR-376a-3p	19	312	155.5	60.22	42.89	14:hsa;hsa-mir-376a-1,101040825,101040845,+	30.012427654126366	21.376324627601747
hsa-miR-1271-5p	33	312	312	60.22	42.89	5:hsa;hsa-mir-1271,176367960,176367981,+	60.21786127387411	42.89011758078291
hsa-miR-376a-3p	19	312	155.5	60.22	42.89	14:hsa;hsa-mir-376a-2,101040118,101040138,+	30.012427654126366	21.376324627601747
hsa-miR-1843	33	310	310	59.83	42.62	1:hsa;hsa-mir-1843,175968390,175968409,-	59.83184934263133	42.61518092962405
hsa-miR-380-3p	19	304	304	58.67	41.79	14:hsa;hsa-mir-380,101025056,101025077,+	58.67381354890298	41.79037097614746
hsa-miR-376c-3p	22	298	296.67	57.52	40.97	14:hsa;hsa-mir-376c,101039732,101039752,+	57.25843646767943	40.78226992189828
hsa-miR-3200-3p	32	288	288	55.59	39.59	22:hsa;hsa-mir-3200,30731610,30731631,+	55.58571809896072	39.59087776687654
hsa-miR-138-5p	32	287	198	55.39	39.45	16:hsa;hsa-mir-138-2,56858527,56858549,+	38.21518119303549	27.21872846472762
hsa-miR-128-1-5p	21	286	286	55.2	39.32	2:hsa;hsa-mir-128-1,135665411,135665433,+	55.199706167717935	39.31594111571767
hsa-miR-16-2-3p	23	275	275	53.08	37.8	3:hsa;hsa-mir-16-2,160404797,160404818,+	53.076640545882626	37.80378953434391
hsa-miR-193a-5p	33	272	272	52.5	37.39	17:hsa;hsa-mir-193a,31560016,31560037,+	52.49762264901845	37.39138455760562
hsa-miR-362-5p	27	272	272	52.5	37.39	X:hsa;hsa-mir-362,50008968,50008991,+	52.49762264901845	37.39138455760562
hsa-miR-9985	14	269	114.67	51.92	36.98	Y:hsa;hsa-mir-9985,4606140,4606158,+	22.13135072458621	15.763034666441584
hsa-miR-324-3p	22	264	264	50.95	36.29	17:hsa;hsa-mir-324,7223346,7223368,-	50.953574924047324	36.291637952970156
hsa-miR-10a-5p	45	263	256.5	50.76	36.15	17:hsa;hsa-mir-10a,48579859,48579881,-	49.506030181886885	35.26062551112442
hsa-miR-671-3p	23	260	260	50.18	35.74	7:hsa;hsa-mir-671,151238488,151238508,+	50.181551061561755	35.74176465065243
hsa-miR-30c-2-3p	29	259	259	49.99	35.6	6:hsa;hsa-mir-30c-2,71377006,71377027,-	49.98854509594037	35.604296325072994
hsa-miR-212-3p	33	257	257	49.6	35.33	17:hsa;hsa-mir-212,2050341,2050361,-	49.60253316469758	35.329359673914134
hsa-miR-153-3p	31	256	128	49.41	35.19	2:hsa;hsa-mir-153-1,219294164,219294185,-	24.704763599538097	17.59594567416735
hsa-miR-153-3p	31	256	128	49.41	35.19	7:hsa;hsa-mir-153-2,157574388,157574409,-	24.704763599538097	17.59594567416735
hsa-miR-374b-3p	20	255	250	49.22	35.05	X:hsa;hsa-mir-374b,74218587,74218608,-	48.25149140534784	34.367081394858104
hsa-miR-592	25	254	254	49.02	34.92	7:hsa;hsa-mir-592,127058103,127058124,-	49.02351526783341	34.91695469717583
hsa-miR-424-3p	24	251	251	48.44	34.5	X:hsa;hsa-mir-424,134546661,134546681,-	48.44449737096924	34.50454972043754
hsa-miR-339-3p	22	237	237	45.74	32.58	7:hsa;hsa-mir-339,1022982,1023004,-	45.742413852269756	32.579993162325486
hsa-miR-23b-5p	27	234	234	45.16	32.17	9:hsa;hsa-mir-23b,95085227,95085248,+	45.16339595540558	32.167588185587185
hsa-miR-1260b	4	231	165	44.58	31.76	11:hsa;hsa-mir-1260b,96341447,96341465,+	31.845984327529578	22.68227372060635
hsa-miR-1260a	6	230	164	44.39	31.62	14:hsa;hsa-mir-1260a,77266231,77266248,+	31.652978361908186	22.544805395026916
hsa-miR-487a-5p	15	223	223	43.04	30.66	14:hsa;hsa-mir-487a,101052458,101052479,+	43.040330333570274	30.65543660421343
hsa-miR-629-5p	19	220	220	42.46	30.24	15:hsa;hsa-mir-629,70079393,70079413,-	42.4613124367061	30.243031627475133
hsa-miR-142-5p	20	220	220	42.46	30.24	17:hsa;hsa-mir-142,58331247,58331267,-	42.4613124367061	30.243031627475133
hsa-miR-127-5p	26	220	220	42.46	30.24	14:hsa;hsa-mir-127,100883001,100883022,+	42.4613124367061	30.243031627475133
hsa-miR-3615	25	216	216	41.69	29.69	17:hsa;hsa-mir-3615,74748663,74748683,+	41.689288574220534	29.693158325157402
hsa-miR-1296-5p	24	215	215	41.5	29.56	10:hsa;hsa-mir-1296,63372972,63372993,-	41.496282608599145	29.55568999957797
hsa-miR-345-5p	23	209	209	40.34	28.73	14:hsa;hsa-mir-345,100307876,100307897,+	40.3382468148708	28.730880046101376
hsa-miR-194-5p	20	207	145.5	39.95	28.46	11:hsa;hsa-mir-194-2,64891369,64891390,-	28.082367997912446	20.001641371807416
hsa-miR-654-5p	20	205	205	39.57	28.18	14:hsa;hsa-mir-654,101040234,101040255,+	39.56622295238523	28.181006743783648
hsa-miR-487a-3p	17	203	202	39.18	27.91	14:hsa;hsa-mir-487a,101052494,101052515,+	38.98720505552106	27.76860176704535
hsa-miR-184	23	197	197	38.02	27.08	15:hsa;hsa-mir-184,79209840,79209861,+	38.0221752274141	27.08126013914819
hsa-miR-431-5p	18	193	193	37.25	26.53	14:hsa;hsa-mir-431,100881026,100881046,+	37.250151364928534	26.531386836830457
hsa-miR-497-5p	23	185	185	35.71	25.43	17:hsa;hsa-mir-497,7017934,7017954,-	35.706103639957405	25.431640232194997
hsa-miR-1307-3p	18	183	183	35.32	25.16	10:hsa;hsa-mir-1307,103394332,103394353,-	35.32009170871462	25.156703581036133
hsa-miR-2110	25	179	179	34.55	24.61	10:hsa;hsa-mir-2110,114174112,114174133,-	34.54806784622905	24.606830278718405
hsa-miR-12136	13	177	88.5	34.16	24.33	MT:hsa;hsa-mir-12136,7444,7461,-	17.081027957493138	12.165946813779769
hsa-miR-12136	13	177	88.5	34.16	24.33	1:hsa;hsa-mir-12136,632615,632632,-	17.081027957493138	12.165946813779769
hsa-miR-27b-5p	21	175	175	33.78	24.06	9:hsa;hsa-mir-27b,95085463,95085484,+	33.77604398374349	24.056956976400674
hsa-miR-98-3p	17	174	174	33.58	23.92	X:hsa;hsa-mir-98,53556302,53556323,-	33.583038018122096	23.91948865082124
hsa-miR-133a-3p	18	171	85.33	33	23.51	20:hsa;hsa-mir-133a-2,62564970,62564991,+	16.469842399692062	11.730630449444899
hsa-miR-133a-3p	18	171	85.33	33	23.51	18:hsa;hsa-mir-133a-1,21825750,21825771,-	16.469842399692062	11.730630449444899
hsa-miR-190a-5p	11	166	166	32.04	22.82	15:hsa;hsa-mir-190a,62823971,62823992,+	32.03899029315097	22.81974204618578
hsa-miR-138-2-3p	20	166	166	32.04	22.82	16:hsa;hsa-mir-138-2,56858574,56858595,+	32.03899029315097	22.81974204618578
hsa-miR-324-5p	19	166	166	32.04	22.82	17:hsa;hsa-mir-324,7223312,7223333,-	32.03899029315097	22.81974204618578
hsa-miR-144-5p	11	163	163	31.46	22.41	17:hsa;hsa-mir-144,28861547,28861568,-	31.459972396286794	22.407337069447486
hsa-miR-381-3p	16	161	161	31.07	22.13	14:hsa;hsa-mir-381,101045968,101045989,+	31.07396046504401	22.13240041828862
hsa-miR-671-5p	16	158	158	30.49	21.72	7:hsa;hsa-mir-671,151238449,151238471,+	30.494942568179837	21.719995441550324
hsa-miR-326	19	158	158	30.49	21.72	11:hsa;hsa-mir-326,75335151,75335170,-	30.494942568179837	21.719995441550324
hsa-miR-5010-3p	11	157	157	30.3	21.58	17:hsa;hsa-mir-5010,42514267,42514288,+	30.301936602558445	21.58252711597089
hsa-miR-483-5p	18	157	157	30.3	21.58	11:hsa;hsa-mir-483,2134141,2134162,-	30.301936602558445	21.58252711597089
hsa-miR-455-3p	13	156	156	30.11	21.45	9:hsa;hsa-mir-455,114209487,114209507,+	30.108930636937053	21.445058790391457
hsa-miR-744-3p	10	156	156	30.11	21.45	17:hsa;hsa-mir-744,12081966,12081987,+	30.108930636937053	21.445058790391457
hsa-miR-329-5p	18	155	77.5	29.92	21.31	14:hsa;hsa-mir-329-2,101027114,101027136,+	14.957962335657832	10.653795232406013
hsa-miR-329-5p	18	155	77.5	29.92	21.31	14:hsa;hsa-mir-329-1,101026797,101026819,+	14.957962335657832	10.653795232406013
hsa-miR-1292-5p	20	155	155	29.92	21.31	20:hsa;hsa-mir-1292,2652779,2652803,+	29.915924671315665	21.307590464812026
hsa-miR-425-3p	13	154	154	29.72	21.17	3:hsa;hsa-mir-425,49020202,49020223,-	29.722918705694273	21.170122139232593
hsa-miR-1306-5p	19	148	148	28.56	20.35	22:hsa;hsa-mir-1306,20086072,20086093,+	28.564882911965924	20.345312185755997
hsa-miR-885-3p	15	143	143	27.6	19.66	3:hsa;hsa-mir-885,10394531,10394552,-	27.599853083858967	19.657970557858835
hsa-miR-7-1-3p	15	140	140	27.02	19.25	9:hsa;hsa-mir-7-1,83969813,83969834,-	27.02083518699479	19.245565581120538
hsa-miR-136-5p	23	138	138	26.63	18.97	14:hsa;hsa-mir-136,100884716,100884738,+	26.63482325575201	18.970628929961673
hsa-miR-6511b-3p	21	138	45.8	26.63	18.97	16:hsa;hsa-mir-6511b-1,15134118,15134140,-	8.839673225459725	6.296049311538004
hsa-miR-6511b-3p	21	138	45.8	26.63	18.97	16:hsa;hsa-mir-6511b-1,2106721,2106743,-	8.839673225459725	6.296049311538004
hsa-miR-873-5p	11	138	138	26.63	18.97	9:hsa;hsa-mir-873,28888889,28888909,-	26.63482325575201	18.970628929961673
hsa-miR-135a-2-3p	11	137	137	26.44	18.83	12:hsa;hsa-mir-135a-2,97563872,97563893,+	26.44181729013062	18.833160604382243
hsa-miR-582-5p	13	137	137	26.44	18.83	5:hsa;hsa-mir-582,59703621,59703643,-	26.44181729013062	18.833160604382243
hsa-miR-3173-5p	18	136	136	26.25	18.7	14:hsa;hsa-mir-3173,95137923,95137944,-	26.248811324509226	18.69569227880281
hsa-miR-203b-3p	12	135	135	26.06	18.56	14:hsa;hsa-mir-203b,104117471,104117493,-	26.055805358887834	18.558223953223376
hsa-miR-1224-5p	17	131	131	25.28	18.01	3:hsa;hsa-mir-1224,184241405,184241423,+	25.28378149640227	18.008350650905648
hsa-miR-503-5p	12	127	127	24.51	17.46	X:hsa;hsa-mir-503,134546333,134546355,-	24.511757633916705	17.458477348587916
hsa-miR-877-5p	19	127	127	24.51	17.46	6:hsa;hsa-mir-877,30584332,30584351,+	24.511757633916705	17.458477348587916
hsa-miR-125a-3p	9	126	126	24.32	17.32	19:hsa;hsa-mir-125a,51693306,51693327,+	24.318751668295313	17.321009023008486
hsa-miR-200b-3p	13	125	125	24.13	17.18	1:hsa;hsa-mir-200b,1167160,1167181,+	24.12574570267392	17.183540697429052
hsa-miR-24-1-5p	16	123	123	23.74	16.91	9:hsa;hsa-mir-24-1,95086027,95086048,+	23.73973377143114	16.908604046270188
hsa-miR-29b-1-5p	12	123	123	23.74	16.91	7:hsa;hsa-mir-29b-1,130877468,130877491,-	23.73973377143114	16.908604046270188
hsa-miR-194-5p	11	123	61.5	23.74	16.91	1:hsa;hsa-mir-194-1,220118171,220118192,-	11.86986688571557	8.454302023135094
hsa-miR-181c-3p	20	121	119.5	23.35	16.63	19:hsa;hsa-mir-181c,13874763,13874784,+	23.06421289175627	16.427464906742173
hsa-miR-660-5p	11	121	121	23.35	16.63	X:hsa;hsa-mir-660,50013256,50013277,+	23.353721840188356	16.633667395111324
hsa-miR-29c-5p	13	120	120	23.16	16.5	1:hsa;hsa-mir-29c,207801867,207801888,-	23.160715874566964	16.49619906953189
hsa-miR-642a-3p	14	120	120	23.16	16.5	19:hsa;hsa-mir-642a,45674978,45674999,+	23.160715874566964	16.49619906953189
hsa-miR-299-5p	11	119	119	22.97	16.36	14:hsa;hsa-mir-299,101023800,101023821,+	22.967709908945572	16.358730743952457
hsa-miR-105-5p	21	118	59	22.77	16.22	X:hsa;hsa-mir-105-1,152392231,152392253,-	11.387351971662092	8.110631209186513
hsa-miR-105-5p	21	118	59	22.77	16.22	X:hsa;hsa-mir-105-2,152394424,152394446,-	11.387351971662092	8.110631209186513
hsa-miR-135b-5p	13	117	114.33	22.58	16.08	1:hsa;hsa-mir-135b,205448317,205448339,-	22.067015402712414	15.71721189124844
hsa-let-7e-3p	11	114	114	22	15.67	19:hsa;hsa-let-7e,51692838,51692859,+	22.002680080838616	15.671389116055296
hsa-miR-26a-2-3p	20	113	113	21.81	15.53	12:hsa;hsa-mir-26a-2,57824660,57824681,-	21.809674115217227	15.533920790475864
hsa-miR-6716-3p	11	113	113	21.81	15.53	11:hsa;hsa-mir-6716,118644048,118644069,+	21.809674115217227	15.533920790475864
hsa-miR-19a-3p	12	111	109	21.42	15.26	13:hsa;hsa-mir-19a,91350939,91350961,+	21.03765025273166	14.984047488158135
hsa-miR-130a-3p	12	111	111	21.42	15.26	11:hsa;hsa-mir-130a,57641252,57641273,+	21.423662183974443	15.258984139316999
hsa-miR-758-5p	11	110	110	21.23	15.12	14:hsa;hsa-mir-758,101026034,101026055,+	21.23065621835305	15.121515813737567
hsa-miR-5584-5p	6	107	107	20.65	14.71	1:hsa;hsa-mir-5584,44545493,44545514,+	20.65163832148888	14.709110836999269
hsa-miR-431-3p	17	106	106	20.46	14.57	14:hsa;hsa-mir-431,100881069,100881090,+	20.458632355867486	14.571642511419837
hsa-miR-146b-3p	10	106	106	20.46	14.57	10:hsa;hsa-mir-146b,102436557,102436578,+	20.458632355867486	14.571642511419837
hsa-miR-887-3p	12	106	106	20.46	14.57	5:hsa;hsa-mir-887,15935229,15935250,+	20.458632355867486	14.571642511419837
hsa-miR-589-5p	18	105	105	20.27	14.43	7:hsa;hsa-mir-589,5495842,5495863,-	20.265626390246094	14.434174185840405
hsa-miR-3059-5p	13	105	105	20.27	14.43	12:hsa;hsa-mir-3059,86745081,86745104,-	20.265626390246094	14.434174185840405
hsa-miR-219a-5p	9	103	58	19.88	14.16	9:hsa;hsa-mir-219a-2,128392636,128392656,-	11.1943460060407	7.97316288360708
hsa-miR-379-3p	11	101	100.5	19.49	13.88	14:hsa;hsa-mir-379,101022109,101022130,+	19.397099544949832	13.815566720732958
hsa-miR-337-3p	10	101	101	19.49	13.88	14:hsa;hsa-mir-337,100874553,100874574,+	19.49360252776053	13.884300883522675
hsa-miR-339-5p	7	98	98	18.91	13.47	7:hsa;hsa-mir-339,1022947,1022969,-	18.914584630896353	13.471895906784377
hsa-miR-6511a-3p	15	97	6.05	18.72	13.33	16:hsa;hsa-mir-6511a-2,16368919,16368940,+	1.1676860920094179	0.8316833697555661
hsa-miR-6511a-3p	15	97	6.05	18.72	13.33	16:hsa;hsa-mir-6511a-4,18344056,18344077,-	1.1676860920094179	0.8316833697555661
hsa-miR-6511a-3p	15	97	6.05	18.72	13.33	16:hsa;hsa-mir-6511a-1,14925980,14926001,+	1.1676860920094179	0.8316833697555661
hsa-miR-6511a-3p	15	97	6.05	18.72	13.33	16:hsa;hsa-mir-6511a-3,16368919,16368940,+	1.1676860920094179	0.8316833697555661
hsa-miR-1343-3p	12	97	97	18.72	13.33	11:hsa;hsa-mir-1343,34941888,34941909,+	18.721578665274965	13.334427581204945
hsa-miR-6511a-3p	15	97	6.05	18.72	13.33	16:hsa;hsa-mir-6511a-1,18344056,18344077,-	1.1676860920094179	0.8316833697555661
hsa-miR-6511a-3p	15	97	6.05	18.72	13.33	16:hsa;hsa-mir-6511a-4,14925980,14926001,+	1.1676860920094179	0.8316833697555661
hsa-miR-6511a-3p	15	97	6.05	18.72	13.33	16:hsa;hsa-mir-6511a-3,16324631,16324652,+	1.1676860920094179	0.8316833697555661
hsa-miR-6511a-3p	15	97	6.05	18.72	13.33	16:hsa;hsa-mir-6511a-3,14925980,14926001,+	1.1676860920094179	0.8316833697555661
hsa-miR-6511a-3p	15	97	6.05	18.72	13.33	16:hsa;hsa-mir-6511a-2,18344056,18344077,-	1.1676860920094179	0.8316833697555661
hsa-miR-6511a-3p	15	97	6.05	18.72	13.33	16:hsa;hsa-mir-6511a-2,14925980,14926001,+	1.1676860920094179	0.8316833697555661
hsa-miR-6511a-3p	15	97	6.05	18.72	13.33	16:hsa;hsa-mir-6511a-3,18344056,18344077,-	1.1676860920094179	0.8316833697555661
hsa-miR-6511a-3p	15	97	6.05	18.72	13.33	16:hsa;hsa-mir-6511a-4,16324631,16324652,+	1.1676860920094179	0.8316833697555661
hsa-miR-6511a-3p	15	97	6.05	18.72	13.33	16:hsa;hsa-mir-6511a-1,16368919,16368940,+	1.1676860920094179	0.8316833697555661
hsa-miR-6511a-3p	15	97	6.05	18.72	13.33	16:hsa;hsa-mir-6511a-4,16368919,16368940,+	1.1676860920094179	0.8316833697555661
hsa-miR-6511a-3p	15	97	6.05	18.72	13.33	16:hsa;hsa-mir-6511a-2,16324631,16324652,+	1.1676860920094179	0.8316833697555661
hsa-miR-6511a-3p	15	97	6.05	18.72	13.33	16:hsa;hsa-mir-6511a-1,16324631,16324652,+	1.1676860920094179	0.8316833697555661
hsa-miR-6514-5p	14	96	96	18.53	13.2	11:hsa;hsa-mir-6514,62792702,62792724,-	18.528572699653573	13.196959255625513
hsa-let-7c-3p	8	95	95	18.34	13.06	21:hsa;hsa-let-7c,16539883,16539904,+	18.33556673403218	13.05949093004608
hsa-miR-377-5p	5	94	94	18.14	12.92	14:hsa;hsa-mir-377,101062056,101062077,+	18.14256076841079	12.922022604466648
hsa-miR-433-5p	6	94	94	18.14	12.92	14:hsa;hsa-mir-433,100881897,100881918,+	18.14256076841079	12.922022604466648
hsa-miR-6511b-3p	14	92	22.8	17.76	12.65	16:hsa;hsa-mir-6511b-2,15134122,15134144,-	4.400536016167724	3.1342778232110593
hsa-miR-6511b-3p	14	92	22.8	17.76	12.65	16:hsa;hsa-mir-6511b-2,2106725,2106747,-	4.400536016167724	3.1342778232110593
hsa-miR-32-3p	10	91	91	17.56	12.51	9:hsa;hsa-mir-32,109046275,109046296,-	17.563542871546616	12.50961762772835
hsa-miR-1306-3p	16	91	91	17.56	12.51	22:hsa;hsa-mir-1306,20086112,20086129,+	17.563542871546616	12.50961762772835
hsa-miR-219a-5p	8	90	45	17.37	12.37	6:hsa;hsa-mir-219a-1,33207855,33207875,+	8.685268452962612	6.186074651074459
hsa-miR-32-5p	10	87	87	16.79	11.96	9:hsa;hsa-mir-32,109046234,109046255,-	16.791519009061048	11.95974432541062
hsa-miR-2682-5p	13	87	87	16.79	11.96	1:hsa;hsa-mir-2682,98045264,98045286,-	16.791519009061048	11.95974432541062
hsa-miR-769-3p	11	86	86	16.6	11.82	19:hsa;hsa-mir-769,46019000,46019022,+	16.59851304343966	11.822275999831188
hsa-miR-1307-5p	5	85	85	16.41	11.68	10:hsa;hsa-mir-1307,103394293,103394313,-	16.405507077818267	11.684807674251756
hsa-miR-6511b-5p	8	85	4.25	16.41	11.68	16:hsa;hsa-mir-6511b-2,15134080,15134103,-	0.8202753538909132	0.5842403837125877
hsa-miR-6511a-5p	8	85	4.25	16.41	11.68	16:hsa;hsa-mir-6511a-2,16368880,16368902,+	0.8202753538909132	0.5842403837125877
hsa-miR-6511b-5p	8	85	4.25	16.41	11.68	16:hsa;hsa-mir-6511b-1,15134076,15134099,-	0.8202753538909132	0.5842403837125877
hsa-miR-6511a-5p	8	85	4.25	16.41	11.68	16:hsa;hsa-mir-6511a-4,18344017,18344039,-	0.8202753538909132	0.5842403837125877
hsa-miR-6511a-5p	8	85	4.25	16.41	11.68	16:hsa;hsa-mir-6511a-1,14925941,14925963,+	0.8202753538909132	0.5842403837125877
hsa-miR-6511a-5p	8	85	4.25	16.41	11.68	16:hsa;hsa-mir-6511a-3,16368880,16368902,+	0.8202753538909132	0.5842403837125877
hsa-miR-6511a-5p	8	85	4.25	16.41	11.68	16:hsa;hsa-mir-6511a-1,18344017,18344039,-	0.8202753538909132	0.5842403837125877
hsa-miR-6511a-5p	8	85	4.25	16.41	11.68	16:hsa;hsa-mir-6511a-4,14925941,14925963,+	0.8202753538909132	0.5842403837125877
hsa-miR-6511b-5p	8	85	4.25	16.41	11.68	16:hsa;hsa-mir-6511b-1,2106679,2106702,-	0.8202753538909132	0.5842403837125877
hsa-miR-6511a-5p	8	85	4.25	16.41	11.68	16:hsa;hsa-mir-6511a-3,16324592,16324614,+	0.8202753538909132	0.5842403837125877
hsa-miR-6511b-5p	8	85	4.25	16.41	11.68	16:hsa;hsa-mir-6511b-2,2106683,2106706,-	0.8202753538909132	0.5842403837125877
hsa-miR-6511a-5p	8	85	4.25	16.41	11.68	16:hsa;hsa-mir-6511a-3,14925941,14925963,+	0.8202753538909132	0.5842403837125877
hsa-miR-6511a-5p	8	85	4.25	16.41	11.68	16:hsa;hsa-mir-6511a-2,18344017,18344039,-	0.8202753538909132	0.5842403837125877
hsa-miR-6511a-5p	8	85	4.25	16.41	11.68	16:hsa;hsa-mir-6511a-2,14925941,14925963,+	0.8202753538909132	0.5842403837125877
hsa-miR-6511a-5p	8	85	4.25	16.41	11.68	16:hsa;hsa-mir-6511a-3,18344017,18344039,-	0.8202753538909132	0.5842403837125877
hsa-miR-6511a-5p	8	85	4.25	16.41	11.68	16:hsa;hsa-mir-6511a-4,16324592,16324614,+	0.8202753538909132	0.5842403837125877
hsa-miR-6511a-5p	8	85	4.25	16.41	11.68	16:hsa;hsa-mir-6511a-1,16368880,16368902,+	0.8202753538909132	0.5842403837125877
hsa-miR-6511a-5p	8	85	4.25	16.41	11.68	16:hsa;hsa-mir-6511a-4,16368880,16368902,+	0.8202753538909132	0.5842403837125877
hsa-miR-6511a-5p	8	85	4.25	16.41	11.68	16:hsa;hsa-mir-6511a-2,16324592,16324614,+	0.8202753538909132	0.5842403837125877
hsa-miR-6511a-5p	8	85	4.25	16.41	11.68	16:hsa;hsa-mir-6511a-1,16324592,16324614,+	0.8202753538909132	0.5842403837125877
hsa-miR-582-3p	13	84	84	16.21	11.55	5:hsa;hsa-mir-582,59703658,59703679,-	16.212501112196875	11.547339348672324
hsa-miR-4443	7	83	83	16.02	11.41	3:hsa;hsa-mir-4443,48196572,48196588,+	16.019495146575483	11.40987102309289
hsa-miR-1247-5p	12	82	82	15.83	11.27	14:hsa;hsa-mir-1247,101560326,101560347,-	15.826489180954093	11.272402697513458
hsa-miR-200c-3p	8	81	81	15.63	11.13	12:hsa;hsa-mir-200c,6963742,6963764,+	15.633483215332701	11.134934371934026
hsa-miR-15b-3p	9	81	81	15.63	11.13	3:hsa;hsa-mir-15b,160404645,160404666,+	15.633483215332701	11.134934371934026
hsa-miR-542-3p	6	81	81	15.63	11.13	X:hsa;hsa-mir-542,134541393,134541414,-	15.633483215332701	11.134934371934026
hsa-miR-144-3p	6	80	80	15.44	11	17:hsa;hsa-mir-144,28861584,28861603,-	15.44047724971131	10.997466046354594
hsa-miR-323a-5p	13	80	80	15.44	11	14:hsa;hsa-mir-323a,101025747,101025768,+	15.44047724971131	10.997466046354594
hsa-miR-6842-3p	7	79	79	15.25	10.86	8:hsa;hsa-mir-6842,27433413,27433434,+	15.247471284089919	10.859997720775162
hsa-miR-940	11	79	79	15.25	10.86	16:hsa;hsa-mir-940,2271806,2271826,+	15.247471284089919	10.859997720775162
hsa-miR-34c-5p	3	79	79	15.25	10.86	11:hsa;hsa-mir-34c,111513451,111513473,+	15.247471284089919	10.859997720775162
hsa-miR-106a-5p	11	78	68.83	15.05	10.72	X:hsa;hsa-mir-106a,134170210,134170232,-	13.285243966939106	9.462403077384264
hsa-miR-708-3p	10	78	78	15.05	10.72	11:hsa;hsa-mir-708,79402078,79402099,-	15.054465318468527	10.722529395195728
hsa-miR-488-5p	7	77	77	14.86	10.59	1:hsa;hsa-mir-488,177029376,177029396,-	14.861459352847136	10.585061069616296
hsa-miR-92b-5p	3	77	77	14.86	10.59	1:hsa;hsa-mir-92b,155195196,155195217,+	14.861459352847136	10.585061069616296
hsa-miR-3529-5p	9	76	76	14.67	10.45	15:hsa;hsa-mir-3529,88611856,88611877,-	14.668453387225744	10.447592744036864
hsa-miR-154-3p	11	76	76	14.67	10.45	14:hsa;hsa-mir-154,101059805,101059826,+	14.668453387225744	10.447592744036864
hsa-miR-873-3p	9	75	75	14.48	10.31	9:hsa;hsa-mir-873,28888924,28888945,-	14.475447421604354	10.310124418457432
hsa-miR-191-3p	9	74	74	14.28	10.17	3:hsa;hsa-mir-191,49020675,49020696,-	14.282441455982962	10.172656092877999
hsa-miR-128-2-5p	8	72	72	13.9	9.9	3:hsa;hsa-mir-128-2,35744490,35744512,+	13.89642952474018	9.897719441719135
hsa-let-7i-3p	7	72	72	13.9	9.9	12:hsa;hsa-let-7i,62603747,62603768,+	13.89642952474018	9.897719441719135
hsa-miR-19b-3p	11	70	34.5	13.51	9.62	X:hsa;hsa-mir-19b-2,134169732,134169754,-	6.6587058139380035	4.742657232490419
hsa-miR-1270	5	70	70	13.51	9.62	19:hsa;hsa-mir-1270,20399284,20399306,-	13.510417593497396	9.622782790560269
hsa-miR-1250-5p	6	70	70	13.51	9.62	17:hsa;hsa-mir-1250,81133219,81133239,-	13.510417593497396	9.622782790560269
hsa-miR-19b-3p	11	70	34.5	13.51	9.62	13:hsa;hsa-mir-19b-1,91351245,91351267,+	6.6587058139380035	4.742657232490419
hsa-miR-6505-5p	3	70	70	13.51	9.62	12:hsa;hsa-mir-6505,48132800,48132821,+	13.510417593497396	9.622782790560269
hsa-miR-3177-3p	9	69	69	13.32	9.49	16:hsa;hsa-mir-3177,1735038,1735058,+	13.317411627876005	9.485314464980837
hsa-miR-331-5p	7	69	69	13.32	9.49	12:hsa;hsa-mir-331,95308445,95308466,+	13.317411627876005	9.485314464980837
hsa-miR-1468-5p	10	68	68	13.12	9.35	X:hsa;hsa-mir-1468,63786014,63786034,-	13.124405662254613	9.347846139401405
hsa-miR-1912-3p	5	67	67	12.93	9.21	X:hsa;hsa-mir-1912,114651589,114651610,+	12.931399696633223	9.210377813821973
hsa-miR-23c	39	66	58.83	12.74	9.07	X:hsa;hsa-mir-23c,20017153,20017174,-	11.355184310725193	8.08771982158994
hsa-miR-490-5p	9	66	66	12.74	9.07	7:hsa;hsa-mir-490,136903205,136903224,+	12.738393731011831	9.072909488242539
hsa-miR-450a-5p	4	65	32.5	12.55	8.94	X:hsa;hsa-mir-450a-2,134540530,134540551,-	6.272693882695219	4.4677205813315535
hsa-miR-1197	5	65	65	12.55	8.94	14:hsa;hsa-mir-1197,101025620,101025640,+	12.545387765390439	8.935441162663107
hsa-miR-450a-5p	4	65	32.5	12.55	8.94	X:hsa;hsa-mir-450a-1,134540358,134540379,-	6.272693882695219	4.4677205813315535
hsa-miR-380-5p	5	63	63	12.16	8.66	14:hsa;hsa-mir-380,101025021,101025042,+	12.159375834147657	8.660504511504243
hsa-miR-34b-3p	8	63	63	12.16	8.66	11:hsa;hsa-mir-34b,111512987,111513008,+	12.159375834147657	8.660504511504243
hsa-miR-374c-5p	8	62	31.5	11.97	8.52	X:hsa;hsa-mir-374c,74218561,74218582,+	6.079687917073828	4.3302522557521215
hsa-miR-6881-3p	10	61	61	11.77	8.39	15:hsa;hsa-mir-6881,74411407,74411428,-	11.773363902904874	8.385567860345377
hsa-miR-454-5p	10	61	61	11.77	8.39	17:hsa;hsa-mir-454,59137781,59137802,-	11.773363902904874	8.385567860345377
hsa-miR-487b-5p	8	59	59	11.39	8.11	14:hsa;hsa-mir-487b,101046469,101046490,+	11.387351971662092	8.110631209186513
hsa-miR-448	8	59	59	11.39	8.11	X:hsa;hsa-mir-448,114823524,114823545,+	11.387351971662092	8.110631209186513
hsa-miR-4446-3p	6	59	59	11.39	8.11	3:hsa;hsa-mir-4446,113594918,113594939,+	11.387351971662092	8.110631209186513
hsa-miR-505-5p	8	57	57	11	7.84	X:hsa;hsa-mir-505,139924162,139924183,-	11.001340040419308	7.835694558027648
hsa-miR-193b-5p	5	57	57	11	7.84	16:hsa;hsa-mir-193b,14303980,14304001,+	11.001340040419308	7.835694558027648
hsa-miR-3909	9	56	56	10.81	7.7	22:hsa;hsa-mir-3909,35335710,35335731,+	10.808334074797918	7.698226232448215
hsa-miR-766-3p	3	56	56	10.81	7.7	X:hsa;hsa-mir-766,119646802,119646823,-	10.808334074797918	7.698226232448215
hsa-miR-618	9	56	56	10.81	7.7	12:hsa;hsa-mir-618,80935751,80935773,-	10.808334074797918	7.698226232448215
hsa-miR-876-3p	4	56	56	10.81	7.7	9:hsa;hsa-mir-876,28863675,28863696,-	10.808334074797918	7.698226232448215
hsa-miR-224-5p	7	55	55	10.62	7.56	X:hsa;hsa-mir-224,151958584,151958608,-	10.615328109176525	7.560757906868783
hsa-miR-496	3	55	55	10.62	7.56	14:hsa;hsa-mir-496,101060628,101060649,+	10.615328109176525	7.560757906868783
hsa-miR-185-3p	6	54	54	10.42	7.42	22:hsa;hsa-mir-185,20033188,20033209,+	10.422322143555133	7.4232895812893505
hsa-miR-214-3p	6	53	53	10.23	7.29	1:hsa;hsa-mir-214,172138868,172138889,-	10.229316177933743	7.2858212557099185
hsa-let-7f-1-3p	8	53	53	10.23	7.29	9:hsa;hsa-let-7f-1,94176409,94176430,+	10.229316177933743	7.2858212557099185
hsa-miR-154-5p	4	52	52	10.04	7.15	14:hsa;hsa-mir-154,101059769,101059790,+	10.036310212312351	7.148352930130486
hsa-miR-2355-3p	8	52	52	10.04	7.15	2:hsa;hsa-mir-2355,207110040,207110061,-	10.036310212312351	7.148352930130486
hsa-miR-3125	7	50	50	9.65	6.87	2:hsa;hsa-mir-3125,12737376,12737395,+	9.650298281069569	6.873416278971621
hsa-miR-3622a-5p	2	50	50	9.65	6.87	8:hsa;hsa-mir-3622a,27701690,27701711,+	9.650298281069569	6.873416278971621
hsa-miR-342-5p	5	50	50	9.65	6.87	14:hsa;hsa-mir-342,100109673,100109693,+	9.650298281069569	6.873416278971621
hsa-miR-199a-5p	6	48	24	9.26	6.6	19:hsa;hsa-mir-199a-1,10817431,10817453,-	4.632143174913393	3.2992398139063783
hsa-miR-199a-5p	6	48	24	9.26	6.6	1:hsa;hsa-mir-199a-2,172144565,172144587,-	4.632143174913393	3.2992398139063783
hsa-miR-122-5p	7	48	48	9.26	6.6	18:hsa;hsa-mir-122,58451088,58451109,+	9.264286349826786	6.598479627812757
hsa-miR-508-3p	6	47	47	9.07	6.46	X:hsa;hsa-mir-508,147236973,147236995,-	9.071280384205394	6.461011302233324
hsa-miR-20b-5p	9	47	47	9.07	6.46	X:hsa;hsa-mir-20b,134169814,134169836,-	9.071280384205394	6.461011302233324
hsa-miR-3065-5p	6	46	46	8.88	6.32	17:hsa;hsa-mir-3065,81125886,81125908,+	8.878274418584004	6.323542976653892
hsa-miR-1179	4	46	46	8.88	6.32	15:hsa;hsa-mir-1179,88608121,88608141,+	8.878274418584004	6.323542976653892
hsa-miR-1304-5p	3	45	45	8.69	6.19	11:hsa;hsa-mir-1304,93733693,93733714,-	8.685268452962612	6.186074651074459
hsa-miR-450a-2-3p	7	45	45	8.69	6.19	X:hsa;hsa-mir-450a-2,134540565,134540586,-	8.685268452962612	6.186074651074459
hsa-miR-10395-3p	7	45	45	8.69	6.19	19:hsa;hsa-mir-10395,12703644,12703664,-	8.685268452962612	6.186074651074459
hsa-miR-1908-5p	3	44	44	8.49	6.05	11:hsa;hsa-mir-1908,61815172,61815192,-	8.49226248734122	6.048606325495027
hsa-miR-137-5p	5	44	44	8.49	6.05	1:hsa;hsa-mir-137,98046092,98046114,-	8.49226248734122	6.048606325495027
hsa-miR-362-3p	5	44	44	8.49	6.05	X:hsa;hsa-mir-362,50009005,50009026,+	8.49226248734122	6.048606325495027
hsa-miR-17-3p	5	43	43	8.3	5.91	13:hsa;hsa-mir-17,91350655,91350676,+	8.29925652171983	5.911137999915594
hsa-miR-30c-1-3p	5	43	43	8.3	5.91	1:hsa;hsa-mir-30c-1,40757339,40757360,+	8.29925652171983	5.911137999915594
hsa-miR-500a-5p	6	43	21.5	8.3	5.91	X:hsa;hsa-mir-500a,50008443,50008465,+	4.149628260859915	2.955568999957797
hsa-miR-500b-5p	6	43	21.5	8.3	5.91	X:hsa;hsa-mir-500b,50010682,50010699,+	4.149628260859915	2.955568999957797
hsa-miR-26b-3p	4	43	43	8.3	5.91	2:hsa;hsa-mir-26b,218402692,218402712,+	8.29925652171983	5.911137999915594
hsa-miR-522-3p	5	43	43	8.3	5.91	19:hsa;hsa-mir-522,53751264,53751285,+	8.29925652171983	5.911137999915594
hsa-miR-3179	2	42	2.62	8.11	5.77	16:hsa;hsa-mir-3179-3,18411945,18411966,-	0.5066406597561524	0.3608543546460101
hsa-miR-3179	2	42	2.62	8.11	5.77	16:hsa;hsa-mir-3179-2,14901559,14901580,+	0.5066406597561524	0.3608543546460101
hsa-miR-3179	2	42	2.62	8.11	5.77	16:hsa;hsa-mir-3179-3,14901559,14901580,+	0.5066406597561524	0.3608543546460101
hsa-miR-3179	2	42	2.62	8.11	5.77	16:hsa;hsa-mir-3179-4,18494544,18494565,-	0.5066406597561524	0.3608543546460101
hsa-miR-3179	2	42	2.62	8.11	5.77	16:hsa;hsa-mir-3179-3,16300210,16300231,+	0.5066406597561524	0.3608543546460101
hsa-miR-3179	2	42	2.62	8.11	5.77	16:hsa;hsa-mir-3179-1,18494544,18494565,-	0.5066406597561524	0.3608543546460101
hsa-miR-3179	2	42	2.62	8.11	5.77	16:hsa;hsa-mir-3179-1,16300210,16300231,+	0.5066406597561524	0.3608543546460101
hsa-miR-3179	2	42	2.62	8.11	5.77	16:hsa;hsa-mir-3179-3,18494544,18494565,-	0.5066406597561524	0.3608543546460101
hsa-miR-3179	2	42	2.62	8.11	5.77	16:hsa;hsa-mir-3179-4,18411945,18411966,-	0.5066406597561524	0.3608543546460101
hsa-miR-3179	2	42	2.62	8.11	5.77	16:hsa;hsa-mir-3179-2,16300210,16300231,+	0.5066406597561524	0.3608543546460101
hsa-miR-3179	2	42	2.62	8.11	5.77	16:hsa;hsa-mir-3179-2,18494544,18494565,-	0.5066406597561524	0.3608543546460101
hsa-miR-3179	2	42	2.62	8.11	5.77	16:hsa;hsa-mir-3179-4,16300210,16300231,+	0.5066406597561524	0.3608543546460101
hsa-miR-3179	2	42	2.62	8.11	5.77	16:hsa;hsa-mir-3179-1,14901559,14901580,+	0.5066406597561524	0.3608543546460101
hsa-miR-3179	2	42	2.62	8.11	5.77	16:hsa;hsa-mir-3179-2,18411945,18411966,-	0.5066406597561524	0.3608543546460101
hsa-miR-3179	2	42	2.62	8.11	5.77	16:hsa;hsa-mir-3179-4,14901559,14901580,+	0.5066406597561524	0.3608543546460101
hsa-miR-3179	2	42	2.62	8.11	5.77	16:hsa;hsa-mir-3179-1,18411945,18411966,-	0.5066406597561524	0.3608543546460101
hsa-miR-941	11	41	2.41	7.91	5.64	20:hsa;hsa-mir-941-4,63919551,63919573,+	0.4654849759104144	0.3315412558092193
hsa-miR-941	11	41	2.41	7.91	5.64	20:hsa;hsa-mir-941-4,63919914,63919936,+	0.4654849759104144	0.3315412558092193
hsa-miR-941	11	41	2.41	7.91	5.64	20:hsa;hsa-mir-941-4,63919802,63919824,+	0.4654849759104144	0.3315412558092193
hsa-miR-941	11	41	2.41	7.91	5.64	20:hsa;hsa-mir-941-5,63919607,63919629,+	0.4654849759104144	0.3315412558092193
hsa-miR-941	11	41	2.41	7.91	5.64	20:hsa;hsa-mir-941-4,63919607,63919629,+	0.4654849759104144	0.3315412558092193
hsa-miR-941	11	41	2.41	7.91	5.64	20:hsa;hsa-mir-941-1,63919495,63919517,+	0.4654849759104144	0.3315412558092193
hsa-miR-941	11	41	2.41	7.91	5.64	20:hsa;hsa-mir-941-5,63919551,63919573,+	0.4654849759104144	0.3315412558092193
hsa-miR-941	11	41	2.41	7.91	5.64	20:hsa;hsa-mir-941-3,63919551,63919573,+	0.4654849759104144	0.3315412558092193
hsa-miR-941	11	41	2.41	7.91	5.64	20:hsa;hsa-mir-941-2,63919551,63919573,+	0.4654849759104144	0.3315412558092193
hsa-miR-941	11	41	2.41	7.91	5.64	20:hsa;hsa-mir-941-5,63919914,63919936,+	0.4654849759104144	0.3315412558092193
hsa-miR-941	11	41	2.41	7.91	5.64	20:hsa;hsa-mir-941-2,63919914,63919936,+	0.4654849759104144	0.3315412558092193
hsa-miR-941	11	41	2.41	7.91	5.64	20:hsa;hsa-mir-941-3,63919914,63919936,+	0.4654849759104144	0.3315412558092193
hsa-miR-941	11	41	2.41	7.91	5.64	20:hsa;hsa-mir-941-2,63919607,63919629,+	0.4654849759104144	0.3315412558092193
hsa-miR-941	11	41	2.41	7.91	5.64	20:hsa;hsa-mir-941-3,63919607,63919629,+	0.4654849759104144	0.3315412558092193
hsa-miR-941	11	41	2.41	7.91	5.64	20:hsa;hsa-mir-941-3,63919802,63919824,+	0.4654849759104144	0.3315412558092193
hsa-miR-941	11	41	2.41	7.91	5.64	20:hsa;hsa-mir-941-2,63919802,63919824,+	0.4654849759104144	0.3315412558092193
hsa-miR-4662a-5p	9	41	41	7.91	5.64	8:hsa;hsa-mir-4662a,124821990,124822011,+	7.9132445904770465	5.636201348756729
hsa-miR-941	11	41	2.41	7.91	5.64	20:hsa;hsa-mir-941-5,63919802,63919824,+	0.4654849759104144	0.3315412558092193
hsa-miR-130b-3p	6	40	40	7.72	5.5	22:hsa;hsa-mir-130b,21653354,21653375,+	7.720238624855655	5.498733023177297
hsa-miR-3065-3p	2	40	40	7.72	5.5	17:hsa;hsa-mir-3065,81125926,81125948,+	7.720238624855655	5.498733023177297
hsa-miR-142-3p	5	40	40	7.72	5.5	17:hsa;hsa-mir-142,58331283,58331305,-	7.720238624855655	5.498733023177297
hsa-miR-5196-3p	6	39	39	7.53	5.36	19:hsa;hsa-mir-5196,35345581,35345601,+	7.527232659234263	5.361264697597864
hsa-miR-3064-5p	3	39	39	7.53	5.36	17:hsa;hsa-mir-3064,64500776,64500796,-	7.527232659234263	5.361264697597864
hsa-miR-1298-3p	8	39	39	7.53	5.36	X:hsa;hsa-mir-1298,114715304,114715324,+	7.527232659234263	5.361264697597864
hsa-miR-874-5p	3	38	38	7.33	5.22	5:hsa;hsa-mir-874,137647581,137647603,-	7.334226693612872	5.223796372018432
hsa-miR-7706	4	37	37	7.14	5.09	15:hsa;hsa-mir-7706,85380639,85380662,+	7.141220727991481	5.086328046438999
hsa-miR-5586-5p	6	37	37	7.14	5.09	14:hsa;hsa-mir-5586,59646962,59646983,-	7.141220727991481	5.086328046438999
hsa-miR-4517	4	37	37	7.14	5.09	16:hsa;hsa-mir-4517,28958587,28958611,+	7.141220727991481	5.086328046438999
hsa-miR-651-5p	3	36	36	6.95	4.95	X:hsa;hsa-mir-651,8126980,8127001,+	6.94821476237009	4.948859720859567
hsa-miR-513c-5p	3	36	36	6.95	4.95	X:hsa;hsa-mir-513c,147189717,147189738,-	6.94821476237009	4.948859720859567
hsa-miR-299-3p	5	36	36	6.95	4.95	14:hsa;hsa-mir-299,101023832,101023853,+	6.94821476237009	4.948859720859567
hsa-miR-3937	3	36	36	6.95	4.95	X:hsa;hsa-mir-3937,39661276,39661298,+	6.94821476237009	4.948859720859567
hsa-miR-641	5	36	36	6.95	4.95	19:hsa;hsa-mir-641,40282558,40282581,-	6.94821476237009	4.948859720859567
hsa-miR-424-5p	4	35	35	6.76	4.81	X:hsa;hsa-mir-424,134546624,134546645,-	6.755208796748698	4.811391395280134
hsa-miR-4640-3p	7	35	35	6.76	4.81	6:hsa;hsa-mir-4640,30890949,30890970,+	6.755208796748698	4.811391395280134
hsa-miR-6508-5p	4	35	35	6.76	4.81	21:hsa;hsa-mir-6508,39447014,39447034,+	6.755208796748698	4.811391395280134
hsa-miR-6786-3p	7	34	34	6.56	4.67	17:hsa;hsa-mir-6786,81693844,81693866,+	6.562202831127307	4.673923069700702
hsa-miR-4742-3p	5	34	34	6.56	4.67	1:hsa;hsa-mir-4742,224398289,224398311,-	6.562202831127307	4.673923069700702
hsa-miR-24-2-5p	7	34	34	6.56	4.67	19:hsa;hsa-mir-24-2,13836299,13836320,-	6.562202831127307	4.673923069700702
hsa-miR-33a-5p	4	34	34	6.56	4.67	22:hsa;hsa-mir-33a,41900949,41900969,+	6.562202831127307	4.673923069700702
hsa-miR-6876-3p	7	33	33	6.37	4.54	8:hsa;hsa-mir-6876,25345451,25345474,+	6.3691968655059155	4.5364547441212695
hsa-miR-2277-5p	3	33	33	6.37	4.54	5:hsa;hsa-mir-2277,93620713,93620736,-	6.3691968655059155	4.5364547441212695
hsa-miR-6794-3p	3	32	32	6.18	4.4	19:hsa;hsa-mir-6794,12852306,12852325,+	6.176190899884524	4.3989864185418375
hsa-miR-7151-5p	5	32	32	6.18	4.4	10:hsa;hsa-mir-7151,67403351,67403373,-	6.176190899884524	4.3989864185418375
hsa-miR-483-3p	7	32	32	6.18	4.4	11:hsa;hsa-mir-483,2134181,2134201,-	6.176190899884524	4.3989864185418375
hsa-miR-18a-5p	5	32	32	6.18	4.4	13:hsa;hsa-mir-18a,91350756,91350778,+	6.176190899884524	4.3989864185418375
hsa-miR-541-3p	4	32	32	6.18	4.4	14:hsa;hsa-mir-541,101064548,101064569,+	6.176190899884524	4.3989864185418375
hsa-miR-4750-5p	4	32	32	6.18	4.4	19:hsa;hsa-mir-4750,49888177,49888198,+	6.176190899884524	4.3989864185418375
hsa-miR-2113	5	32	32	6.18	4.4	6:hsa;hsa-mir-2113,98024586,98024606,+	6.176190899884524	4.3989864185418375
hsa-miR-1304-3p	3	31	31	5.98	4.26	11:hsa;hsa-mir-1304,93733726,93733747,-	5.983184934263132	4.2615180929624055
hsa-miR-4798-5p	2	31	31	5.98	4.26	4:hsa;hsa-mir-4798,7310459,7310480,+	5.983184934263132	4.2615180929624055
hsa-miR-6735-5p	4	31	31	5.98	4.26	1:hsa;hsa-mir-6735,43448544,43448568,+	5.983184934263132	4.2615180929624055
hsa-miR-195-3p	5	31	31	5.98	4.26	17:hsa;hsa-mir-195,7017667,7017688,-	5.983184934263132	4.2615180929624055
hsa-miR-34c-3p	5	31	31	5.98	4.26	11:hsa;hsa-mir-34c,111513484,111513505,+	5.983184934263132	4.2615180929624055
hsa-miR-889-5p	3	30	30	5.79	4.12	14:hsa;hsa-mir-889,101047911,101047932,+	5.790178968641741	4.124049767382973
hsa-miR-320e	10	30	28.5	5.79	4.12	19:hsa;hsa-mir-320e,46709325,46709342,-	5.500670020209654	3.917847279013824
hsa-miR-7151-3p	2	30	30	5.79	4.12	10:hsa;hsa-mir-7151,67403390,67403410,-	5.790178968641741	4.124049767382973
hsa-miR-1911-5p	5	30	30	5.79	4.12	X:hsa;hsa-mir-1911,114763195,114763217,+	5.790178968641741	4.124049767382973
hsa-miR-942-5p	6	30	30	5.79	4.12	1:hsa;hsa-mir-942,117094655,117094676,+	5.790178968641741	4.124049767382973
hsa-miR-548ad-5p	1	29	29	5.6	3.99	2:hsa;hsa-mir-548ad,35471420,35471439,+	5.59717300302035	3.98658144180354
hsa-miR-1251-5p	5	28	28	5.4	3.85	12:hsa;hsa-mir-1251,97491913,97491933,+	5.404167037398959	3.8491131162241077
hsa-miR-194-3p	1	28	28	5.4	3.85	11:hsa;hsa-mir-194-2,64891405,64891426,-	5.404167037398959	3.8491131162241077
hsa-miR-4482-5p	3	28	28	5.4	3.85	10:hsa;hsa-mir-4482,104268343,104268364,-	5.404167037398959	3.8491131162241077
hsa-miR-4326	6	28	28	5.4	3.85	20:hsa;hsa-mir-4326,63286818,63286837,+	5.404167037398959	3.8491131162241077
hsa-miR-3187-3p	4	27	27	5.21	3.71	19:hsa;hsa-mir-3187,813627,813646,+	5.211161071777567	3.7116447906446752
hsa-miR-548e-3p	2	27	27	5.21	3.71	10:hsa;hsa-mir-548e,110988978,110988999,+	5.211161071777567	3.7116447906446752
hsa-miR-2116-5p	2	26	26	5.02	3.57	15:hsa;hsa-mir-2116,59171196,59171216,-	5.0181551061561755	3.574176465065243
hsa-miR-625-5p	2	26	26	5.02	3.57	14:hsa;hsa-mir-625,65471116,65471136,+	5.0181551061561755	3.574176465065243
hsa-miR-887-5p	5	26	26	5.02	3.57	5:hsa;hsa-mir-887,15935191,15935211,+	5.0181551061561755	3.574176465065243
hsa-miR-4717-3p	3	25	25	4.83	3.44	16:hsa;hsa-mir-4717,2274661,2274681,+	4.825149140534784	3.4367081394858103
hsa-miR-490-3p	1	25	25	4.83	3.44	7:hsa;hsa-mir-490,136903242,136903263,+	4.825149140534784	3.4367081394858103
hsa-miR-1255a	4	25	25	4.83	3.44	4:hsa;hsa-mir-1255a,101330329,101330351,-	4.825149140534784	3.4367081394858103
hsa-miR-6513-3p	2	24	24	4.63	3.3	2:hsa;hsa-mir-6513,218280166,218280186,-	4.632143174913393	3.2992398139063783
hsa-miR-302a-5p	3	24	24	4.63	3.3	4:hsa;hsa-mir-302a,112648188,112648210,-	4.632143174913393	3.2992398139063783
hsa-miR-636	3	24	24	4.63	3.3	17:hsa;hsa-mir-636,76736510,76736532,-	4.632143174913393	3.2992398139063783
hsa-miR-377-3p	2	23	23	4.44	3.16	14:hsa;hsa-mir-377,101062094,101062115,+	4.439137209292002	3.161771488326946
hsa-miR-452-5p	4	23	23	4.44	3.16	X:hsa;hsa-mir-452,151959641,151959662,-	4.439137209292002	3.161771488326946
hsa-miR-4520-3p	1	23	23	4.44	3.16	17:hsa;hsa-mir-4520-1,6655481,6655502,-	4.439137209292002	3.161771488326946
hsa-miR-450b-5p	3	23	23	4.44	3.16	X:hsa;hsa-mir-450b,134540195,134540216,-	4.439137209292002	3.161771488326946
hsa-miR-4440	1	23	23	4.44	3.16	2:hsa;hsa-mir-4440,239068881,239068902,-	4.439137209292002	3.161771488326946
hsa-miR-642a-5p	2	23	23	4.44	3.16	19:hsa;hsa-mir-642a,45674943,45674964,+	4.439137209292002	3.161771488326946
hsa-miR-376a-5p	6	22	22	4.25	3.02	14:hsa;hsa-mir-376a-1,101040788,101040809,+	4.24613124367061	3.0243031627475134
hsa-miR-6850-5p	1	22	22	4.25	3.02	8:hsa;hsa-mir-6850,144791931,144791952,-	4.24613124367061	3.0243031627475134
hsa-miR-509-3p	3	22	5.5	4.25	3.02	X:hsa;hsa-mir-509-1,147260586,147260607,-	1.0615328109176525	0.7560757906868784
hsa-miR-509-3p	3	22	5.5	4.25	3.02	X:hsa;hsa-mir-509-3,147259695,147259716,-	1.0615328109176525	0.7560757906868784
hsa-miR-509-3p	3	22	5.5	4.25	3.02	X:hsa;hsa-mir-509-2,147258814,147258835,-	1.0615328109176525	0.7560757906868784
hsa-miR-509-3p	3	22	5.5	4.25	3.02	X:hsa;hsa-mir-509-2,147260589,147260610,-	1.0615328109176525	0.7560757906868784
hsa-miR-548al	2	21	21	4.05	2.89	11:hsa;hsa-mir-548al,74399301,74399322,+	4.053125278049219	2.886834837168081
hsa-miR-6513-5p	3	21	21	4.05	2.89	2:hsa;hsa-mir-6513,218280127,218280149,-	4.053125278049219	2.886834837168081
hsa-miR-3200-5p	2	21	21	4.05	2.89	22:hsa;hsa-mir-3200,30731569,30731590,+	4.053125278049219	2.886834837168081
hsa-miR-3605-5p	3	21	21	4.05	2.89	1:hsa;hsa-mir-3605,33332414,33332436,-	4.053125278049219	2.886834837168081
hsa-miR-548ab	1	21	21	4.05	2.89	3:hsa;hsa-mir-548ab,103524043,103524064,-	4.053125278049219	2.886834837168081
hsa-miR-4738-3p	2	21	21	4.05	2.89	17:hsa;hsa-mir-4738,75784577,75784598,-	4.053125278049219	2.886834837168081
hsa-miR-6859-5p	2	20	1.25	3.86	2.75	1:hsa;hsa-mir-6859-1,187896,187918,-	0.24125745702673923	0.17183540697429053
hsa-miR-6859-5p	2	20	1.25	3.86	2.75	15:hsa;hsa-mir-6859-2,101973529,101973551,+	0.24125745702673923	0.17183540697429053
hsa-miR-6859-5p	2	20	1.25	3.86	2.75	1:hsa;hsa-mir-6859-1,17374,17396,-	0.24125745702673923	0.17183540697429053
hsa-miR-301a-5p	2	20	20	3.86	2.75	17:hsa;hsa-mir-301a,59151149,59151170,-	3.8601193124278277	2.7493665115886485
hsa-miR-6859-5p	2	20	1.25	3.86	2.75	1:hsa;hsa-mir-6859-4,187896,187918,-	0.24125745702673923	0.17183540697429053
hsa-miR-508-5p	3	20	20	3.86	2.75	X:hsa;hsa-mir-508,147236938,147236960,-	3.8601193124278277	2.7493665115886485
hsa-miR-6859-5p	2	20	1.25	3.86	2.75	16:hsa;hsa-mir-6859-3,17057,17079,-	0.24125745702673923	0.17183540697429053
hsa-miR-6859-5p	2	20	1.25	3.86	2.75	15:hsa;hsa-mir-6859-4,101973529,101973551,+	0.24125745702673923	0.17183540697429053
hsa-miR-6859-5p	2	20	1.25	3.86	2.75	1:hsa;hsa-mir-6859-2,17374,17396,-	0.24125745702673923	0.17183540697429053
hsa-miR-4667-5p	6	20	20	3.86	2.75	9:hsa;hsa-mir-4667,35608096,35608117,+	3.8601193124278277	2.7493665115886485
hsa-miR-6859-5p	2	20	1.25	3.86	2.75	1:hsa;hsa-mir-6859-4,17374,17396,-	0.24125745702673923	0.17183540697429053
hsa-miR-509-5p	3	20	6.67	3.86	2.75	X:hsa;hsa-mir-509-1,147260551,147260571,-	1.2867064374759425	0.9164555038628828
hsa-miR-1185-2-3p	2	20	20	3.86	2.75	14:hsa;hsa-mir-1185-2,101044250,101044271,+	3.8601193124278277	2.7493665115886485
hsa-miR-6859-5p	2	20	1.25	3.86	2.75	15:hsa;hsa-mir-6859-3,101973529,101973551,+	0.24125745702673923	0.17183540697429053
hsa-miR-6859-5p	2	20	1.25	3.86	2.75	16:hsa;hsa-mir-6859-2,17057,17079,-	0.24125745702673923	0.17183540697429053
hsa-miR-6859-5p	2	20	1.25	3.86	2.75	1:hsa;hsa-mir-6859-2,187896,187918,-	0.24125745702673923	0.17183540697429053
hsa-miR-653-3p	3	20	20	3.86	2.75	7:hsa;hsa-mir-653,93482810,93482831,-	3.8601193124278277	2.7493665115886485
hsa-miR-6859-5p	2	20	1.25	3.86	2.75	1:hsa;hsa-mir-6859-3,187896,187918,-	0.24125745702673923	0.17183540697429053
hsa-miR-6859-5p	2	20	1.25	3.86	2.75	1:hsa;hsa-mir-6859-3,17374,17396,-	0.24125745702673923	0.17183540697429053
hsa-miR-6859-5p	2	20	1.25	3.86	2.75	16:hsa;hsa-mir-6859-4,17057,17079,-	0.24125745702673923	0.17183540697429053
hsa-miR-6859-5p	2	20	1.25	3.86	2.75	15:hsa;hsa-mir-6859-1,101973529,101973551,+	0.24125745702673923	0.17183540697429053
hsa-miR-509-5p	3	20	6.67	3.86	2.75	X:hsa;hsa-mir-509-2,147258779,147258799,-	1.2867064374759425	0.9164555038628828
hsa-miR-1284	2	20	20	3.86	2.75	3:hsa;hsa-mir-1284,71541999,71542020,-	3.8601193124278277	2.7493665115886485
hsa-miR-6859-5p	2	20	1.25	3.86	2.75	16:hsa;hsa-mir-6859-1,17057,17079,-	0.24125745702673923	0.17183540697429053
hsa-miR-509-5p	3	20	6.67	3.86	2.75	X:hsa;hsa-mir-509-2,147260554,147260574,-	1.2867064374759425	0.9164555038628828
hsa-miR-1287-5p	1	20	20	3.86	2.75	10:hsa;hsa-mir-1287,98395233,98395254,-	3.8601193124278277	2.7493665115886485
hsa-miR-1288-3p	3	19	19	3.67	2.61	17:hsa;hsa-mir-1288,16282058,16282078,+	3.667113346806436	2.611898186009216
hsa-miR-4791	2	19	19	3.67	2.61	3:hsa;hsa-mir-4791,19314855,19314872,-	3.667113346806436	2.611898186009216
hsa-miR-4666b	2	19	19	3.67	2.61	X:hsa;hsa-mir-4666b,29574286,29574308,+	3.667113346806436	2.611898186009216
hsa-miR-616-5p	2	19	19	3.67	2.61	12:hsa;hsa-mir-616,57519178,57519199,-	3.667113346806436	2.611898186009216
hsa-miR-378a-5p	3	19	19	3.67	2.61	5:hsa;hsa-mir-378a,149732829,149732850,+	3.667113346806436	2.611898186009216
hsa-miR-519a-5p	3	19	19	3.67	2.61	19:hsa;hsa-mir-519a-1,53752411,53752432,+	3.667113346806436	2.611898186009216
hsa-miR-4787-3p	3	19	19	3.67	2.61	3:hsa;hsa-mir-4787,50675130,50675153,+	3.667113346806436	2.611898186009216
hsa-miR-6726-3p	3	19	19	3.67	2.61	1:hsa;hsa-mir-6726,1296151,1296170,-	3.667113346806436	2.611898186009216
hsa-miR-187-3p	3	19	19	3.67	2.61	18:hsa;hsa-mir-187,35904888,35904909,-	3.667113346806436	2.611898186009216
hsa-miR-138-1-3p	4	18	18	3.47	2.47	3:hsa;hsa-mir-138-1,44114274,44114295,+	3.474107381185045	2.4744298604297836
hsa-miR-548ay-3p	2	18	18	3.47	2.47	3:hsa;hsa-mir-548ay,32506346,32506367,-	3.474107381185045	2.4744298604297836
hsa-miR-1226-3p	1	18	18	3.47	2.47	3:hsa;hsa-mir-1226,47849608,47849629,+	3.474107381185045	2.4744298604297836
hsa-miR-10527-5p	3	18	18	3.47	2.47	12:hsa;hsa-mir-10527,63823663,63823685,+	3.474107381185045	2.4744298604297836
hsa-miR-4803	1	18	18	3.47	2.47	5:hsa;hsa-mir-4803,72169476,72169496,+	3.474107381185045	2.4744298604297836
hsa-miR-486-3p	2	18	9	3.47	2.47	8:hsa;hsa-mir-486-1,41660486,41660506,-	1.7370536905925225	1.2372149302148918
hsa-miR-486-3p	2	18	9	3.47	2.47	8:hsa;hsa-mir-486-2,41660486,41660506,+	1.7370536905925225	1.2372149302148918
hsa-miR-676-3p	1	18	18	3.47	2.47	X:hsa;hsa-mir-676,70022899,70022919,+	3.474107381185045	2.4744298604297836
hsa-miR-223-5p	4	18	18	3.47	2.47	X:hsa;hsa-mir-223,66018895,66018916,+	3.474107381185045	2.4744298604297836
hsa-miR-92a-1-5p	2	18	18	3.47	2.47	13:hsa;hsa-mir-92a-1,91351324,91351346,+	3.474107381185045	2.4744298604297836
hsa-miR-30b-3p	1	17	17	3.28	2.34	8:hsa;hsa-mir-30b,134800574,134800595,-	3.2811014155636533	2.336961534850351
hsa-miR-7156-5p	3	17	17	3.28	2.34	1:hsa;hsa-mir-7156,77060143,77060165,+	3.2811014155636533	2.336961534850351
hsa-miR-33b-3p	4	17	17	3.28	2.34	17:hsa;hsa-mir-33b,17813889,17813910,-	3.2811014155636533	2.336961534850351
hsa-miR-219a-1-3p	2	17	17	3.28	2.34	6:hsa;hsa-mir-219a-1,33207896,33207917,+	3.2811014155636533	2.336961534850351
hsa-miR-1275	2	17	17	3.28	2.34	6:hsa;hsa-mir-1275,33999989,34000005,-	3.2811014155636533	2.336961534850351
hsa-miR-149-3p	2	17	17	3.28	2.34	2:hsa;hsa-mir-149,240456056,240456076,+	3.2811014155636533	2.336961534850351
hsa-miR-3943	4	17	17	3.28	2.34	7:hsa;hsa-mir-3943,43150917,43150939,+	3.2811014155636533	2.336961534850351
hsa-miR-211-5p	5	17	15.5	3.28	2.34	15:hsa;hsa-mir-211,31065057,31065078,-	2.991592467131566	2.1307590464812027
hsa-miR-6721-5p	2	17	17	3.28	2.34	6:hsa;hsa-mir-6721,32170040,32170062,-	3.2811014155636533	2.336961534850351
hsa-miR-4485-3p	6	17	17	3.28	2.34	11:hsa;hsa-mir-4485,10508300,10508319,-	3.2811014155636533	2.336961534850351
hsa-miR-7110-3p	3	17	17	3.28	2.34	3:hsa;hsa-mir-7110,123161858,123161879,+	3.2811014155636533	2.336961534850351
hsa-miR-217-5p	3	16	16	3.09	2.2	2:hsa;hsa-mir-217,55983001,55983023,-	3.088095449942262	2.1994932092709187
hsa-miR-514a-3p	3	16	3.17	3.09	2.2	X:hsa;hsa-mir-514a-2,147284694,147284714,-	0.6111855578010726	0.4353163643348693
hsa-miR-514a-3p	3	16	3.17	3.09	2.2	X:hsa;hsa-mir-514a-2,147281996,147282016,-	0.6111855578010726	0.4353163643348693
hsa-miR-3120-3p	2	16	16	3.09	2.2	1:hsa;hsa-mir-3120,172138858,172138878,+	3.088095449942262	2.1994932092709187
hsa-miR-514a-3p	3	16	3.17	3.09	2.2	X:hsa;hsa-mir-514a-3,147281996,147282016,-	0.6111855578010726	0.4353163643348693
hsa-miR-514a-3p	3	16	3.17	3.09	2.2	X:hsa;hsa-mir-514a-3,147284694,147284714,-	0.6111855578010726	0.4353163643348693
hsa-miR-514a-3p	3	16	3.17	3.09	2.2	X:hsa;hsa-mir-514a-1,147279305,147279325,-	0.6111855578010726	0.4353163643348693
hsa-miR-576-5p	2	16	16	3.09	2.2	4:hsa;hsa-mir-576,109488713,109488734,+	3.088095449942262	2.1994932092709187
hsa-miR-6877-5p	4	16	16	3.09	2.2	9:hsa;hsa-mir-6877,133052001,133052022,+	3.088095449942262	2.1994932092709187
hsa-miR-888-5p	1	16	16	3.09	2.2	X:hsa;hsa-mir-888,145994794,145994814,-	3.088095449942262	2.1994932092709187
hsa-miR-29a-5p	2	15	15	2.9	2.06	7:hsa;hsa-mir-29a,130876750,130876771,-	2.8950894843208705	2.0620248836914863
hsa-miR-501-5p	2	15	15	2.9	2.06	X:hsa;hsa-mir-501,50009735,50009756,+	2.8950894843208705	2.0620248836914863
hsa-miR-10522-5p	3	15	15	2.9	2.06	5:hsa;hsa-mir-10522,17155930,17155950,-	2.8950894843208705	2.0620248836914863
hsa-miR-4433a-5p	4	15	15	2.9	2.06	2:hsa;hsa-mir-4433a,64340770,64340790,+	2.8950894843208705	2.0620248836914863
hsa-miR-758-3p	5	15	15	2.9	2.06	14:hsa;hsa-mir-758,101026071,101026092,+	2.8950894843208705	2.0620248836914863
hsa-miR-33b-5p	2	15	15	2.9	2.06	17:hsa;hsa-mir-33b,17813851,17813870,-	2.8950894843208705	2.0620248836914863
hsa-miR-7703	3	15	15	2.9	2.06	14:hsa;hsa-mir-7703,24143543,24143565,-	2.8950894843208705	2.0620248836914863
hsa-miR-5581-3p	2	15	15	2.9	2.06	1:hsa;hsa-mir-5581,37500973,37500994,-	2.8950894843208705	2.0620248836914863
hsa-miR-1180-5p	2	15	15	2.9	2.06	17:hsa;hsa-mir-1180,19344512,19344532,-	2.8950894843208705	2.0620248836914863
hsa-miR-3150a-5p	5	14	14	2.7	1.92	8:hsa;hsa-mir-3150a,95072925,95072946,+	2.7020835186994794	1.9245565581120538
hsa-miR-937-3p	2	14	14	2.7	1.92	8:hsa;hsa-mir-937,143813007,143813028,-	2.7020835186994794	1.9245565581120538
hsa-miR-2115-3p	3	14	14	2.7	1.92	3:hsa;hsa-mir-2115,48316417,48316438,-	2.7020835186994794	1.9245565581120538
hsa-miR-4324	5	13	5	2.51	1.79	19:hsa;hsa-mir-4324,49308839,49308858,-	0.9650298281069569	0.6873416278971621
hsa-miR-5100	1	13	13	2.51	1.79	10:hsa;hsa-mir-5100,42997630,42997651,+	2.5090775530780878	1.7870882325326214
hsa-miR-548ar-3p	2	13	13	2.51	1.79	13:hsa;hsa-mir-548ar,114244541,114244561,+	2.5090775530780878	1.7870882325326214
hsa-miR-6818-3p	4	13	13	2.51	1.79	22:hsa;hsa-mir-6818,30007092,30007113,+	2.5090775530780878	1.7870882325326214
hsa-miR-196b-5p	1	13	13	2.51	1.79	7:hsa;hsa-mir-196b,27169494,27169515,-	2.5090775530780878	1.7870882325326214
hsa-miR-193b-3p	2	13	13	2.51	1.79	16:hsa;hsa-mir-193b,14304017,14304038,+	2.5090775530780878	1.7870882325326214
hsa-miR-365b-5p	3	13	13	2.51	1.79	17:hsa;hsa-mir-365b,31575439,31575460,+	2.5090775530780878	1.7870882325326214
hsa-miR-378c	1	12	12	2.32	1.65	10:hsa;hsa-mir-378c,130962598,130962622,-	2.3160715874566966	1.6496199069531892
hsa-miR-1261	2	12	12	2.32	1.65	11:hsa;hsa-mir-1261,90869125,90869143,-	2.3160715874566966	1.6496199069531892
hsa-miR-1276	2	12	12	2.32	1.65	15:hsa;hsa-mir-1276,85770507,85770526,-	2.3160715874566966	1.6496199069531892
hsa-miR-6862-3p	2	12	3	2.32	1.65	16:hsa;hsa-mir-6862-2,28391026,28391049,-	0.5790178968641742	0.4124049767382973
hsa-miR-6862-3p	2	12	3	2.32	1.65	16:hsa;hsa-mir-6862-2,28724296,28724319,+	0.5790178968641742	0.4124049767382973
hsa-miR-1229-3p	2	12	12	2.32	1.65	5:hsa;hsa-mir-1229,179798324,179798346,-	2.3160715874566966	1.6496199069531892
hsa-miR-376b-3p	3	12	11.33	2.32	1.65	14:hsa;hsa-mir-376b,101040497,101040518,+	2.187400943709102	1.5579743565669009
hsa-miR-383-3p	1	12	12	2.32	1.65	8:hsa;hsa-mir-383,14853487,14853505,-	2.3160715874566966	1.6496199069531892
hsa-miR-449a	2	12	12	2.32	1.65	5:hsa;hsa-mir-449a,55170547,55170568,-	2.3160715874566966	1.6496199069531892
hsa-miR-2467-3p	1	12	12	2.32	1.65	2:hsa;hsa-mir-2467,239351775,239351796,-	2.3160715874566966	1.6496199069531892
hsa-miR-6862-3p	2	12	3	2.32	1.65	16:hsa;hsa-mir-6862-1,28391026,28391049,-	0.5790178968641742	0.4124049767382973
hsa-miR-6862-3p	2	12	3	2.32	1.65	16:hsa;hsa-mir-6862-1,28724296,28724319,+	0.5790178968641742	0.4124049767382973
hsa-miR-664b-3p	2	12	12	2.32	1.65	X:hsa;hsa-mir-664b,154768635,154768656,+	2.3160715874566966	1.6496199069531892
hsa-miR-6793-5p	1	11	11	2.12	1.51	19:hsa;hsa-mir-6793,10828978,10828999,+	2.123065621835305	1.5121515813737567
hsa-miR-4701-5p	3	11	11	2.12	1.51	12:hsa;hsa-mir-4701,48771977,48771998,-	2.123065621835305	1.5121515813737567
hsa-miR-370-5p	2	11	11	2.12	1.51	14:hsa;hsa-mir-370,100911151,100911172,+	2.123065621835305	1.5121515813737567
hsa-miR-374c-3p	3	11	6	2.12	1.51	X:hsa;hsa-mir-374c,74218587,74218608,+	1.1580357937283483	0.8248099534765946
hsa-miR-4742-5p	1	11	11	2.12	1.51	1:hsa;hsa-mir-4742,224398227,224398249,-	2.123065621835305	1.5121515813737567
hsa-miR-491-5p	2	11	11	2.12	1.51	9:hsa;hsa-mir-491,20716120,20716141,+	2.123065621835305	1.5121515813737567
hsa-miR-491-3p	2	11	11	2.12	1.51	9:hsa;hsa-mir-491,20716154,20716175,+	2.123065621835305	1.5121515813737567
hsa-miR-3940-3p	2	11	11	2.12	1.51	19:hsa;hsa-mir-3940,6416466,6416487,-	2.123065621835305	1.5121515813737567
hsa-miR-455-5p	2	11	11	2.12	1.51	9:hsa;hsa-mir-455,114209449,114209470,+	2.123065621835305	1.5121515813737567
hsa-miR-199b-5p	1	11	11	2.12	1.51	9:hsa;hsa-mir-199b,128244746,128244768,-	2.123065621835305	1.5121515813737567
hsa-miR-1278	3	11	11	2.12	1.51	1:hsa;hsa-mir-1278,193136552,193136573,+	2.123065621835305	1.5121515813737567
hsa-miR-4705	2	11	11	2.12	1.51	13:hsa;hsa-mir-4705,102045943,102045964,-	2.123065621835305	1.5121515813737567
hsa-miR-187-5p	2	11	11	2.12	1.51	18:hsa;hsa-mir-187,35904852,35904873,-	2.123065621835305	1.5121515813737567
hsa-miR-204-3p	2	10	10	1.93	1.37	9:hsa;hsa-mir-204,70810046,70810066,-	1.9300596562139138	1.3746832557943243
hsa-miR-7114-3p	3	10	10	1.93	1.37	9:hsa;hsa-mir-7114,137450066,137450086,-	1.9300596562139138	1.3746832557943243
hsa-miR-6746-3p	1	10	10	1.93	1.37	11:hsa;hsa-mir-6746,61878257,61878278,-	1.9300596562139138	1.3746832557943243
hsa-miR-6883-3p	1	10	10	1.93	1.37	17:hsa;hsa-mir-6883,8145050,8145071,-	1.9300596562139138	1.3746832557943243
hsa-miR-7113-3p	2	10	10	1.93	1.37	11:hsa;hsa-mir-7113,68032900,68032922,+	1.9300596562139138	1.3746832557943243
hsa-miR-4780	2	10	10	1.93	1.37	2:hsa;hsa-mir-4780,88082569,88082590,-	1.9300596562139138	1.3746832557943243
hsa-miR-4795-5p	1	10	10	1.93	1.37	3:hsa;hsa-mir-4795,87226206,87226226,-	1.9300596562139138	1.3746832557943243
hsa-miR-500b-3p	4	10	8	1.93	1.37	X:hsa;hsa-mir-500b,50010722,50010741,+	1.544047724971131	1.0997466046354594
hsa-miR-1224-3p	1	10	10	1.93	1.37	3:hsa;hsa-mir-1224,184241469,184241489,+	1.9300596562139138	1.3746832557943243
hsa-miR-376a-2-5p	1	10	10	1.93	1.37	14:hsa;hsa-mir-376a-2,101040080,101040100,+	1.9300596562139138	1.3746832557943243
hsa-miR-548v	2	10	10	1.93	1.37	8:hsa;hsa-mir-548v,17681626,17681647,-	1.9300596562139138	1.3746832557943243
hsa-miR-4763-5p	1	10	10	1.93	1.37	22:hsa;hsa-mir-4763,46113584,46113604,+	1.9300596562139138	1.3746832557943243
hsa-miR-378i	5	9	9	1.74	1.24	22:hsa;hsa-mir-378i,41923228,41923248,-	1.7370536905925225	1.2372149302148918
hsa-miR-143-5p	2	9	9	1.74	1.24	5:hsa;hsa-mir-143,149428944,149428965,+	1.7370536905925225	1.2372149302148918
hsa-miR-93-3p	2	9	9	1.74	1.24	7:hsa;hsa-mir-93,100093817,100093838,-	1.7370536905925225	1.2372149302148918
hsa-miR-4999-5p	1	9	9	1.74	1.24	19:hsa;hsa-mir-4999,8389310,8389330,-	1.7370536905925225	1.2372149302148918
hsa-miR-181b-3p	1	9	9	1.74	1.24	1:hsa;hsa-mir-181b-1,198858948,198858968,-	1.7370536905925225	1.2372149302148918
hsa-miR-589-3p	2	9	9	1.74	1.24	7:hsa;hsa-mir-589,5495879,5495902,-	1.7370536905925225	1.2372149302148918
hsa-miR-598-5p	2	9	9	1.74	1.24	8:hsa;hsa-mir-598,11035229,11035251,-	1.7370536905925225	1.2372149302148918
hsa-miR-6516-5p	1	9	9	1.74	1.24	17:hsa;hsa-mir-6516,77089428,77089449,+	1.7370536905925225	1.2372149302148918
hsa-miR-655-5p	2	8	8	1.54	1.1	14:hsa;hsa-mir-655,101049572,101049593,+	1.544047724971131	1.0997466046354594
hsa-miR-3691-5p	1	8	8	1.54	1.1	6:hsa;hsa-mir-3691,5148247,5148269,-	1.544047724971131	1.0997466046354594
hsa-miR-200a-5p	1	8	8	1.54	1.1	1:hsa;hsa-mir-200a,1167878,1167899,+	1.544047724971131	1.0997466046354594
hsa-miR-6509-3p	1	8	8	1.54	1.1	7:hsa;hsa-mir-6509,135207045,135207066,-	1.544047724971131	1.0997466046354594
hsa-miR-6516-3p	1	8	8	1.54	1.1	17:hsa;hsa-mir-6516,77089469,77089490,+	1.544047724971131	1.0997466046354594
hsa-miR-4723-5p	2	7	7	1.35	0.96	17:hsa;hsa-mir-4723,28360660,28360683,+	1.3510417593497397	0.9622782790560269
hsa-miR-1910-5p	1	7	7	1.35	0.96	16:hsa;hsa-mir-1910,85741632,85741652,-	1.3510417593497397	0.9622782790560269
hsa-miR-200a-3p	2	7	7	1.35	0.96	1:hsa;hsa-mir-200a,1167916,1167937,+	1.3510417593497397	0.9622782790560269
hsa-miR-210-3p	2	7	7	1.35	0.96	11:hsa;hsa-mir-210,568154,568175,-	1.3510417593497397	0.9622782790560269
hsa-miR-103a-2-5p	2	7	7	1.35	0.96	20:hsa;hsa-mir-103a-2,3917504,3917526,+	1.3510417593497397	0.9622782790560269
hsa-miR-1267	2	7	7	1.35	0.96	13:hsa;hsa-mir-1267,107531182,107531202,-	1.3510417593497397	0.9622782790560269
hsa-miR-25-5p	4	7	7	1.35	0.96	7:hsa;hsa-mir-25,100093573,100093593,-	1.3510417593497397	0.9622782790560269
hsa-miR-4511	1	7	7	1.35	0.96	15:hsa;hsa-mir-4511,65719260,65719281,-	1.3510417593497397	0.9622782790560269
hsa-miR-4638-3p	1	6	6	1.16	0.82	5:hsa;hsa-mir-4638,181222600,181222622,-	1.1580357937283483	0.8248099534765946
hsa-miR-7704	1	5	5	0.97	0.69	2:hsa;hsa-mir-7704,176188843,176188861,+	0.9650298281069569	0.6873416278971621
hsa-miR-550a-3-5p	2	5	1.67	0.97	0.69	7:hsa;hsa-mir-550a-3,29680754,29680773,-	0.3216766093689856	0.2291138759657207
hsa-miR-1228-3p	1	5	5	0.97	0.69	12:hsa;hsa-mir-1228,57194555,57194574,+	0.9650298281069569	0.6873416278971621
hsa-miR-3622a-3p	1	5	5	0.97	0.69	8:hsa;hsa-mir-3622a,27701726,27701747,+	0.9650298281069569	0.6873416278971621
hsa-miR-150-3p	1	5	5	0.97	0.69	19:hsa;hsa-mir-150,49500835,49500856,-	0.9650298281069569	0.6873416278971621
hsa-miR-550a-5p	2	5	1.67	0.97	0.69	7:hsa;hsa-mir-550a-1,30289815,30289837,+	0.3216766093689856	0.2291138759657207
hsa-miR-877-3p	1	5	5	0.97	0.69	6:hsa;hsa-mir-877,30584397,30584417,+	0.9650298281069569	0.6873416278971621
hsa-miR-99a-3p	1	5	5	0.97	0.69	21:hsa;hsa-mir-99a,16539138,16539159,+	0.9650298281069569	0.6873416278971621
hsa-miR-6129	2	5	5	0.97	0.69	17:hsa;hsa-mir-6129,49288366,49288384,-	0.9650298281069569	0.6873416278971621
hsa-miR-660-3p	3	5	5	0.97	0.69	X:hsa;hsa-mir-660,50013292,50013312,+	0.9650298281069569	0.6873416278971621
hsa-miR-550a-5p	2	5	1.67	0.97	0.69	7:hsa;hsa-mir-550a-2,32733002,32733024,+	0.3216766093689856	0.2291138759657207
hsa-miR-4508	1	4	4	0.77	0.55	15:hsa;hsa-mir-4508,23562070,23562086,-	0.7720238624855655	0.5498733023177297
hsa-miR-3648	2	4	1	0.77	0.55	21:hsa;hsa-mir-3648-1,8987026,8987046,+	0.19300596562139138	0.13746832557943242
hsa-miR-181d-3p	1	4	4	0.77	0.55	19:hsa;hsa-mir-181d,13874953,13874973,+	0.7720238624855655	0.5498733023177297
hsa-miR-4429	3	4	4	0.77	0.55	2:hsa;hsa-mir-4429,11540611,11540630,-	0.7720238624855655	0.5498733023177297
hsa-miR-3648	2	4	1	0.77	0.55	21:hsa;hsa-mir-3648-1,8208500,8208520,+	0.19300596562139138	0.13746832557943242
hsa-miR-3648	2	4	1	0.77	0.55	21:hsa;hsa-mir-3648-2,8987026,8987046,+	0.19300596562139138	0.13746832557943242
hsa-miR-6134	3	4	4	0.77	0.55	X:hsa;hsa-mir-6134,28495625,28495643,-	0.7720238624855655	0.5498733023177297
hsa-miR-3648	2	4	1	0.77	0.55	21:hsa;hsa-mir-3648-2,8208500,8208520,+	0.19300596562139138	0.13746832557943242
hsa-miR-6747-3p	3	4	4	0.77	0.55	11:hsa;hsa-mir-6747,62567051,62567071,-	0.7720238624855655	0.5498733023177297
hsa-miR-30d-3p	2	3	3	0.58	0.41	8:hsa;hsa-mir-30d,134804921,134804942,-	0.5790178968641742	0.4124049767382973
hsa-miR-215-5p	3	3	2.5	0.58	0.41	1:hsa;hsa-mir-215,220117879,220117899,-	0.48251491405347846	0.34367081394858107
hsa-miR-675-5p	1	3	3	0.58	0.41	11:hsa;hsa-mir-675,1996768,1996790,-	0.5790178968641742	0.4124049767382973
hsa-miR-5193	1	3	3	0.58	0.41	3:hsa;hsa-mir-5193,49806196,49806217,-	0.5790178968641742	0.4124049767382973
hsa-miR-6734-3p	2	3	3	0.58	0.41	1:hsa;hsa-mir-6734,43364693,43364715,-	0.5790178968641742	0.4124049767382973
hsa-miR-532-3p	1	2	2	0.39	0.27	X:hsa;hsa-mir-532,50003204,50003225,+	0.38601193124278277	0.27493665115886484
hsa-miR-6130	1	2	0.67	0.39	0.27	21:hsa;hsa-mir-6130,23079354,23079372,+	0.12867064374759424	0.09164555038628827
hsa-miR-1827	1	2	0.67	0.39	0.27	12:hsa;hsa-mir-1827,100189932,100189949,+	0.12867064374759424	0.09164555038628827
hsa-miR-616-3p	1	1	1	0.19	0.14	12:hsa;hsa-mir-616,57519218,57519239,-	0.19300596562139138	0.13746832557943242
hsa-miR-449b-5p	1	1	1	0.19	0.14	5:hsa;hsa-mir-449b,55170661,55170682,-	0.19300596562139138	0.13746832557943242
hsa-miR-12135	1	1	1	0.19	0.14	15:hsa;hsa-mir-12135,73299962,73299979,+	0.19300596562139138	0.13746832557943242
hsa-miR-133b	1	1	0.33	0.19	0.14	6:hsa;hsa-mir-133b,52148988,52149009,+	0.06433532187379712	0.045822775193144136
hsa-miR-378d	1	1	0.5	0.19	0.14	8:hsa;hsa-mir-378d-2,93916043,93916062,-	0.09650298281069569	0.06873416278971621
hsa-miR-429	1	1	1	0.19	0.14	1:hsa;hsa-mir-429,1169055,1169076,+	0.19300596562139138	0.13746832557943242
hsa-miR-495-5p	1	1	1	0.19	0.14	14:hsa;hsa-mir-495,101033768,101033789,+	0.19300596562139138	0.13746832557943242
hsa-miR-296-3p	1	1	1	0.19	0.14	20:hsa;hsa-mir-296,58817662,58817683,-	0.19300596562139138	0.13746832557943242
hsa-miR-514b-3p	1	1	0.17	0.19	0.14	X:hsa;hsa-mir-514b,147250200,147250220,-	0.03216766093689856	0.022911387596572068
